Image,Method,MSE,RMSE,PSNR,SSIM
431_IM-0702-0055_anon.png,Gaussian Blur,0.0021316926,0.046170257,26.712754479777253,0.46570219395121965
431_IM-0702-0055_anon.png,Bilateral Filter,0.0017919246,0.04233113,27.46680282020013,0.4100679192488758
431_IM-0702-0055_anon.png,Median Filter,0.0019394828,0.04403956,27.12314098247793,0.46974152379324047
431_IM-0702-0055_anon.png,NLM Filter,0.0012325717,0.035108,29.091878561706963,0.44330081478774724
431_IM-0702-0055_anon.png,Wiener Filter,0.0011215799914131934,0.03348999837881742,29.501697469668873,0.45754099326462944
1_IM-0001-0059_anon.png,Gaussian Blur,0.0028071972,0.05298299,25.517270364381858,0.4677210980660208
1_IM-0001-0059_anon.png,Bilateral Filter,0.002305559,0.04801624,26.37223794356323,0.41219874752598
1_IM-0001-0059_anon.png,Median Filter,0.0022670191,0.047613226,26.44544767712269,0.4721397345600169
1_IM-0001-0059_anon.png,NLM Filter,0.0017651164,0.042013288,27.532266325243228,0.4320217012980024
1_IM-0001-0059_anon.png,Wiener Filter,0.0014160379662880058,0.0376302799124323,28.489251023465783,0.46040462756678996
386_IM-0229-0013_anon.png,Gaussian Blur,0.0018636152,0.04316961,27.296437580420438,0.46981452981663924
386_IM-0229-0013_anon.png,Bilateral Filter,0.0018594374,0.043121196,27.30618447431973,0.4249792046396845
386_IM-0229-0013_anon.png,Median Filter,0.001632634,0.040405866,27.871111107759038,0.4741992526786111
386_IM-0229-0013_anon.png,NLM Filter,0.0012385964,0.035193697,29.07070143121958,0.4454338758429167
386_IM-0229-0013_anon.png,Wiener Filter,0.0011333242747547441,0.03366488192099809,29.456458089477756,0.4676148707694021
377_IM-0271-0001_anon.png,Gaussian Blur,0.0017190189,0.041461054,27.647193378936734,0.5564364104803486
377_IM-0271-0001_anon.png,Bilateral Filter,0.0017591463,0.04194218,27.54698022403224,0.5009432928642162
377_IM-0271-0001_anon.png,Median Filter,0.0015801667,0.03975131,28.012971763208633,0.5569202229726458
377_IM-0271-0001_anon.png,NLM Filter,0.0010999582,0.03316562,29.586238210221577,0.5175230332367424
377_IM-0271-0001_anon.png,Wiener Filter,0.0009608960260986594,0.030998322956228768,30.173236026899808,0.5513823581396201
278_IM-0069-0016_anon.png,Gaussian Blur,0.0019903309,0.044613123,27.010746762863693,0.5070177781527995
278_IM-0069-0016_anon.png,Bilateral Filter,0.0017293271,0.04158518,27.621228117603188,0.4508092097256174
278_IM-0069-0016_anon.png,Median Filter,0.0018136832,0.04258736,27.414385870219927,0.5092474892491844
278_IM-0069-0016_anon.png,NLM Filter,0.0011764697,0.034299705,29.294192202656863,0.46919784452074914
278_IM-0069-0016_anon.png,Wiener Filter,0.0010386618457645849,0.032228277114431436,29.835258214726956,0.500270328048307
75_IM-0122-0037_anon.png,Gaussian Blur,0.0019462584,0.04411642,27.10799514224098,0.38530560407112785
75_IM-0122-0037_anon.png,Bilateral Filter,0.001778453,0.04217171,27.49957580871309,0.3439625123775535
75_IM-0122-0037_anon.png,Median Filter,0.0017355306,0.041659698,27.60567766466679,0.39094625102680264
75_IM-0122-0037_anon.png,NLM Filter,0.0013445736,0.036668427,28.714154167935956,0.36745083270296847
75_IM-0122-0037_anon.png,Wiener Filter,0.0012085527455675288,0.03476424521786039,29.17734390677066,0.383039162129346
584_IM-0890-0040-0001_anon.png,Gaussian Blur,0.0017828122,0.04222336,27.48894398724065,0.5015769392083704
584_IM-0890-0040-0001_anon.png,Bilateral Filter,0.0016155572,0.040193994,27.916775931914888,0.4295607115773679
584_IM-0890-0040-0001_anon.png,Median Filter,0.0016080736,0.040100794,27.936941446082916,0.5047258411408972
584_IM-0890-0040-0001_anon.png,NLM Filter,0.0011907542,0.03450731,29.241778315170166,0.4687770411086964
584_IM-0890-0040-0001_anon.png,Wiener Filter,0.0010496645445315501,0.03239852688829463,29.78949472107097,0.4842060163129306
328_IM-0791-0062_anon.png,Gaussian Blur,0.0018867883,0.043437175,27.24276849459605,0.5413329088022124
328_IM-0791-0062_anon.png,Bilateral Filter,0.0017056881,0.041299976,27.681004279819224,0.48111951419375965
328_IM-0791-0062_anon.png,Median Filter,0.0016251147,0.04031271,27.891159696285982,0.5440331256290531
328_IM-0791-0062_anon.png,NLM Filter,0.0011402197,0.03376714,29.430113968972424,0.5043357368272741
328_IM-0791-0062_anon.png,Wiener Filter,0.001013023586648666,0.03182803146046997,29.943804426633044,0.5329374188364292
234_IM-0173-19200_anon.png,Gaussian Blur,0.001507624,0.038828135,28.217069078665165,0.3565943318464743
234_IM-0173-19200_anon.png,Bilateral Filter,0.0017454288,0.04177833,27.5809792566698,0.3095081500550623
234_IM-0173-19200_anon.png,Median Filter,0.0013877847,0.03725298,28.57677907676301,0.3637347390487359
234_IM-0173-19200_anon.png,NLM Filter,0.0012276149,0.035037335,29.109378497748402,0.3648425440028654
234_IM-0173-19200_anon.png,Wiener Filter,0.001195360332474161,0.03457398346262925,29.225011601414717,0.36133854710350227
121_IM-0084-0022_anon.png,Gaussian Blur,0.0021251976,0.046099864,26.726007135980492,0.5122777256685842
121_IM-0084-0022_anon.png,Bilateral Filter,0.0020356788,0.045118496,26.91290718434388,0.42430872428658417
121_IM-0084-0022_anon.png,Median Filter,0.0018396338,0.04289095,27.352686062356778,0.5226625640846131
121_IM-0084-0022_anon.png,NLM Filter,0.001173485,0.034256168,29.305224476066417,0.5071253784197486
121_IM-0084-0022_anon.png,Wiener Filter,0.001179693766333638,0.03434667038205651,29.28230715449783,0.49115966311544706
409_IM-0787-0013_anon.png,Gaussian Blur,0.0019513071,0.044173602,27.09674437605935,0.3917667269435562
409_IM-0787-0013_anon.png,Bilateral Filter,0.0016633999,0.0407848,27.7900337808634,0.35575360528601874
409_IM-0787-0013_anon.png,Median Filter,0.001781001,0.042201906,27.49335843090178,0.3950950454189843
409_IM-0787-0013_anon.png,NLM Filter,0.0013361637,0.036553573,28.74140339461292,0.3674510371546961
409_IM-0787-0013_anon.png,Wiener Filter,0.0011873870194420376,0.03445848254700194,29.25407703107037,0.3857689666728655
118_IM-0230-0053_anon.png,Gaussian Blur,0.0017075001,0.041321907,27.676393038277617,0.5144317689911784
118_IM-0230-0053_anon.png,Bilateral Filter,0.0015955452,0.039944276,27.970908872043996,0.4559009247286328
118_IM-0230-0053_anon.png,Median Filter,0.0015115803,0.038879048,28.205687548470138,0.5162915751825949
118_IM-0230-0053_anon.png,NLM Filter,0.001172731,0.03424516,29.308015493984982,0.4736338029584735
118_IM-0230-0053_anon.png,Wiener Filter,0.0010138430518987279,0.03184090218412047,29.940292708113073,0.5041901032167423
473_IM-0626-0025_anon.png,Gaussian Blur,0.0021283445,0.046133984,26.71958150698132,0.4776026390688501
473_IM-0626-0025_anon.png,Bilateral Filter,0.0018132422,0.04258218,27.41544180604405,0.42296195288192856
473_IM-0626-0025_anon.png,Median Filter,0.0018819434,0.04338137,27.253934108694985,0.4822889806713107
473_IM-0626-0025_anon.png,NLM Filter,0.0012188315,0.034911767,29.14056310074445,0.45267340065029543
473_IM-0626-0025_anon.png,Wiener Filter,0.0011136031894023006,0.03337069357089092,29.53269533895657,0.4677532367295092
630_IM-0254-0013_anon.png,Gaussian Blur,0.0018387933,0.042881154,27.35467080070016,0.49895036898936507
630_IM-0254-0013_anon.png,Bilateral Filter,0.0018211348,0.042674758,27.396578872778086,0.43713234824134456
630_IM-0254-0013_anon.png,Median Filter,0.0015885521,0.039856646,27.989984779660123,0.504372838698521
630_IM-0254-0013_anon.png,NLM Filter,0.0011707102,0.034215644,29.315506106776237,0.4682847180175016
630_IM-0254-0013_anon.png,Wiener Filter,0.0010544883648396393,0.03247288661082718,29.769582078769066,0.49283228957162245
333_IM-0011-0005_anon.png,Gaussian Blur,0.0025438634,0.050436728,25.945062404842695,0.4556059075543115
333_IM-0011-0005_anon.png,Bilateral Filter,0.0020277055,0.04503005,26.92995129618391,0.40882649062311816
333_IM-0011-0005_anon.png,Median Filter,0.002139492,0.046254642,26.696892906495698,0.45751275751700393
333_IM-0011-0005_anon.png,NLM Filter,0.0017227414,0.04150592,27.63779912336942,0.4019034295855418
333_IM-0011-0005_anon.png,Wiener Filter,0.0012862090521992074,0.03586375680543252,28.90688438225238,0.4548499063063516
229_IM-0003-0028_anon.png,Gaussian Blur,0.0015450915,0.03930765,28.11045808187751,0.5556937626519334
229_IM-0003-0028_anon.png,Bilateral Filter,0.0016526076,0.040652275,27.81830352151715,0.47817116808174537
229_IM-0003-0028_anon.png,Median Filter,0.0014584761,0.03819,28.36100660876842,0.5588568511540846
229_IM-0003-0028_anon.png,NLM Filter,0.0010737525,0.032768164,29.69095814615311,0.5234964220404067
229_IM-0003-0028_anon.png,Wiener Filter,0.000956974566106697,0.030935005513280534,30.190996044867905,0.5377342709641323
256_IM-0130-6912_anon.png,Gaussian Blur,0.001467525,0.03830829,28.334144695295546,0.3544164496982828
256_IM-0130-6912_anon.png,Bilateral Filter,0.0016849451,0.041048083,27.73414298218185,0.3051529730981252
256_IM-0130-6912_anon.png,Median Filter,0.0013558036,0.03682124,28.678033138466425,0.36094381178167745
256_IM-0130-6912_anon.png,NLM Filter,0.0012162756,0.034875143,29.149679707243518,0.36360633020840843
256_IM-0130-6912_anon.png,Wiener Filter,0.0011710324701807195,0.03422035169574853,29.31431062720286,0.35817831792102345
218_IM-0036-0001_anon.png,Gaussian Blur,0.0014787057,0.038453944,28.301182316702125,0.6411166771554846
218_IM-0036-0001_anon.png,Bilateral Filter,0.0015979919,0.03997489,27.96425362638303,0.5522387540541887
218_IM-0036-0001_anon.png,Median Filter,0.0013829089,0.037187483,28.59206463380034,0.6439755600769146
218_IM-0036-0001_anon.png,NLM Filter,0.0009611646,0.031002654,30.1720222424259,0.5984314327175461
218_IM-0036-0001_anon.png,Wiener Filter,0.0008623854974183532,0.029366400825064573,30.642985555480386,0.6193117800980329
187_IM-0070-0032_anon.png,Gaussian Blur,0.0020597193,0.04538413,26.861918977148292,0.5009663177955919
187_IM-0070-0032_anon.png,Bilateral Filter,0.0016735294,0.040908795,27.763666811266383,0.45024544812029255
187_IM-0070-0032_anon.png,Median Filter,0.0018445828,0.042948607,27.341018217251527,0.5016470002782953
187_IM-0070-0032_anon.png,NLM Filter,0.0011892127,0.034484964,29.247404534091785,0.46122797455945475
187_IM-0070-0032_anon.png,Wiener Filter,0.0010383203717153988,0.032222978939188705,29.836686250993832,0.4935695423246024
548_IM-0020-0071_anon.png,Gaussian Blur,0.0016067489,0.040084273,27.940520427341188,0.6336561499803259
548_IM-0020-0071_anon.png,Bilateral Filter,0.0015780083,0.039724153,28.018907046938793,0.5862227849323496
548_IM-0020-0071_anon.png,Median Filter,0.0014655121,0.038282007,28.34010623082954,0.6287495848895223
548_IM-0020-0071_anon.png,NLM Filter,0.0010200008,0.03193745,29.913994712320555,0.5615067573768074
548_IM-0020-0071_anon.png,Wiener Filter,0.0008196823636226451,0.028630095417630817,30.863544091414703,0.6340950578447665
48_IM-0751-0006_anon.png,Gaussian Blur,0.0021716557,0.046601027,26.632091422928266,0.3194850709774176
48_IM-0751-0006_anon.png,Bilateral Filter,0.0019154157,0.043765463,27.17737028932107,0.2932236098483029
48_IM-0751-0006_anon.png,Median Filter,0.001853031,0.043046847,27.321173224076574,0.32613062151086153
48_IM-0751-0006_anon.png,NLM Filter,0.0014660968,0.038289644,28.338373487603047,0.30273400525406186
48_IM-0751-0006_anon.png,Wiener Filter,0.0012825639354946102,0.03581290180220824,28.9192097620413,0.3260759323791709
317_IM-0169-0010_anon.png,Gaussian Blur,0.0023419762,0.04839397,26.30417567464435,0.3034714053045796
317_IM-0169-0010_anon.png,Bilateral Filter,0.0019553714,0.04421958,27.08770803991979,0.2807227266998424
317_IM-0169-0010_anon.png,Median Filter,0.0019477056,0.044132818,27.10476641873758,0.3124906851911353
317_IM-0169-0010_anon.png,NLM Filter,0.0014929709,0.03863898,28.259486606678536,0.29195963122022445
317_IM-0169-0010_anon.png,Wiener Filter,0.0013302049462950772,0.03647197480662484,28.760814415983468,0.3116936199574746
208_IM-0094-5376_anon.png,Gaussian Blur,0.001409152,0.037538674,28.51042192475266,0.34974725215493585
208_IM-0094-5376_anon.png,Bilateral Filter,0.0015995671,0.03999459,27.95997500255348,0.31534863281667613
208_IM-0094-5376_anon.png,Median Filter,0.0013225313,0.036366623,28.78594068355843,0.3533814534909841
208_IM-0094-5376_anon.png,NLM Filter,0.0012330454,0.035114747,29.090209922398024,0.35053781298130016
208_IM-0094-5376_anon.png,Wiener Filter,0.0011569387440850147,0.034013802258568725,29.366896348340074,0.35762470410662567
331_IM-0053-0007_anon.png,Gaussian Blur,0.0018129305,0.042578522,27.41618860945083,0.5319693163854348
331_IM-0053-0007_anon.png,Bilateral Filter,0.001606385,0.04007973,27.941503314167015,0.4718128143500573
331_IM-0053-0007_anon.png,Median Filter,0.0015803586,0.039753724,28.012443837489865,0.5326555561939404
331_IM-0053-0007_anon.png,NLM Filter,0.0011421478,0.033795677,29.422776573585754,0.4860526441149724
331_IM-0053-0007_anon.png,Wiener Filter,0.0009837327329918096,0.03136451391288903,30.07122877537264,0.522596109315772
181_IM-0126-0041_anon.png,Gaussian Blur,0.0018794527,0.043352656,27.259685842853546,0.4328157563200719
181_IM-0126-0041_anon.png,Bilateral Filter,0.0017371116,0.04167867,27.60172299239763,0.37731919562480015
181_IM-0126-0041_anon.png,Median Filter,0.0016757213,0.040935576,27.757981776340387,0.43873021004585017
181_IM-0126-0041_anon.png,NLM Filter,0.0012851593,0.035849117,28.910430547970655,0.4174197490001754
181_IM-0126-0041_anon.png,Wiener Filter,0.0011769570266767495,0.034306807293549624,29.292393939262066,0.42184811840421815
211_IM-0374-0007_anon.png,Gaussian Blur,0.0022330496,0.047255155,26.51101573312946,0.35544246205042446
211_IM-0374-0007_anon.png,Bilateral Filter,0.0020092237,0.044824366,26.96971775994859,0.32008101995026733
211_IM-0374-0007_anon.png,Median Filter,0.0018322852,0.042805202,27.37006892007278,0.36527065605734876
211_IM-0374-0007_anon.png,NLM Filter,0.0014300551,0.03781607,28.4464717532985,0.34081244963441987
211_IM-0374-0007_anon.png,Wiener Filter,0.0012908921463787187,0.0359289875501484,28.891100413813447,0.3625740348536613
204_IM-0164-0044_anon.png,Gaussian Blur,0.001824425,0.04271329,27.38873956331819,0.5210749226252238
204_IM-0164-0044_anon.png,Bilateral Filter,0.0017232005,0.04151145,27.636641894807884,0.45395747750683224
204_IM-0164-0044_anon.png,Median Filter,0.0015893852,0.039867096,27.987708414262123,0.5245623022981353
204_IM-0164-0044_anon.png,NLM Filter,0.0011716378,0.034229197,29.31206613055627,0.48747833979699345
204_IM-0164-0044_anon.png,Wiener Filter,0.0010392246731822082,0.03223700781992969,29.8329055083064,0.5097975215794835
217_IM-0839-0001_anon.png,Gaussian Blur,0.0020041151,0.044767346,26.980772905787525,0.4961268535655578
217_IM-0839-0001_anon.png,Bilateral Filter,0.0015635701,0.039542004,28.05882696076845,0.45417119309520726
217_IM-0839-0001_anon.png,Median Filter,0.0017931139,0.042345174,27.46392196946012,0.4950948280311684
217_IM-0839-0001_anon.png,NLM Filter,0.0011835926,0.03440338,29.267977990970646,0.4464110205830009
217_IM-0839-0001_anon.png,Wiener Filter,0.001019145998543099,0.031924066134236394,29.917635963471028,0.4903019518413679
367_IM-0378-0021_anon.png,Gaussian Blur,0.0018884095,0.043455835,27.23903838651858,0.3647095400494256
367_IM-0378-0021_anon.png,Bilateral Filter,0.0016599108,0.040742002,27.799152854272428,0.33312263844937745
367_IM-0378-0021_anon.png,Median Filter,0.0016541907,0.040671743,27.814144570849408,0.3692519596653266
367_IM-0378-0021_anon.png,NLM Filter,0.0013778523,0.037119433,28.607972903870863,0.34460302988109115
367_IM-0378-0021_anon.png,Wiener Filter,0.0012249970388488107,0.03499995769781459,29.11864961106123,0.36202066891778195
130_IM-0650-0033_anon.png,Gaussian Blur,0.0020722838,0.045522343,26.83550704661276,0.4609673271346515
130_IM-0650-0033_anon.png,Bilateral Filter,0.00197182,0.044405177,27.05132766284663,0.3871927676655238
130_IM-0650-0033_anon.png,Median Filter,0.0018093302,0.04253622,27.424821628593353,0.4697892761919527
130_IM-0650-0033_anon.png,NLM Filter,0.0012339074,0.035127018,29.08717440680305,0.45293709992811626
130_IM-0650-0033_anon.png,Wiener Filter,0.0011990752250069737,0.034627665601466316,29.21153570211723,0.4423789151536867
240_IM-0772-0072_anon.png,Gaussian Blur,0.0021991257,0.046894837,26.577499013626664,0.38231892601591
240_IM-0772-0072_anon.png,Bilateral Filter,0.0021142478,0.04598095,26.748441128689443,0.3395854428197818
240_IM-0772-0072_anon.png,Median Filter,0.0018032958,0.042465232,27.43932980572997,0.39339053823326353
240_IM-0772-0072_anon.png,NLM Filter,0.0014029674,0.037456207,28.52952446560302,0.37130223243149146
240_IM-0772-0072_anon.png,Wiener Filter,0.0012854160382927428,0.03585269917722713,28.909562856465744,0.38833834723901756
488_IM-0299-0003_anon.png,Gaussian Blur,0.0019975342,0.044693783,26.995057415023126,0.5175275405947252
488_IM-0299-0003_anon.png,Bilateral Filter,0.0016819477,0.041011557,27.74187416447619,0.45866312481476906
488_IM-0299-0003_anon.png,Median Filter,0.0017580364,0.041928943,27.549720821874732,0.5195755562070139
488_IM-0299-0003_anon.png,NLM Filter,0.0011626247,0.034097284,29.345604526051012,0.47769364175805923
488_IM-0299-0003_anon.png,Wiener Filter,0.0010328824513702,0.032138488629215284,29.8594910115813,0.5066094912092984
163_IM-0638-6400_anon.png,Gaussian Blur,0.0015553391,0.039437786,28.081749710239986,0.3895583511610836
163_IM-0638-6400_anon.png,Bilateral Filter,0.0016853007,0.041052416,27.733226143570437,0.3447997168586509
163_IM-0638-6400_anon.png,Median Filter,0.0014503303,0.038083203,28.38533049609667,0.3926226635430087
163_IM-0638-6400_anon.png,NLM Filter,0.0012495407,0.035348844,29.03249560286355,0.3805134377254782
163_IM-0638-6400_anon.png,Wiener Filter,0.0011347636730617003,0.03368625347321516,29.45094575626777,0.39287983059606263
411_IM-0727-0028_anon.png,Gaussian Blur,0.0018974771,0.04356004,27.21823533324668,0.45743645607087036
411_IM-0727-0028_anon.png,Bilateral Filter,0.0016340576,0.04042348,27.867326845736244,0.40329487534024494
411_IM-0727-0028_anon.png,Median Filter,0.0016797588,0.04098486,27.747531331788124,0.4602237884214519
411_IM-0727-0028_anon.png,NLM Filter,0.0012514868,0.03537636,29.02573675380119,0.4269260529586994
411_IM-0727-0028_anon.png,Wiener Filter,0.0010988453262562384,0.033148835971361625,29.5906343467469,0.4472325963021743
436_IM-0015-0032_anon.png,Gaussian Blur,0.0019729717,0.044418145,27.04879187422017,0.4760392875333533
436_IM-0015-0032_anon.png,Bilateral Filter,0.0017534988,0.0418748,27.56094518714853,0.41655441428368
436_IM-0015-0032_anon.png,Median Filter,0.0017351379,0.041654985,27.606660075631172,0.48009820562995287
436_IM-0015-0032_anon.png,NLM Filter,0.001216306,0.03487558,29.14957080801703,0.44813033493724613
436_IM-0015-0032_anon.png,Wiener Filter,0.0011052480640903486,0.03324527130420729,29.56540237114796,0.46533069455108383
472_IM-0155-0010_anon.png,Gaussian Blur,0.0019780938,0.044475768,27.037530955341765,0.5835708996139041
472_IM-0155-0010_anon.png,Bilateral Filter,0.0018633262,0.04316626,27.29711089778175,0.5100486740562448
472_IM-0155-0010_anon.png,Median Filter,0.001763796,0.04199757,27.53551638418373,0.5884022260464558
472_IM-0155-0010_anon.png,NLM Filter,0.001075876,0.032800548,29.682378784285525,0.5467332311195144
472_IM-0155-0010_anon.png,Wiener Filter,0.0009910932968283388,0.031481634278231786,30.03885461165011,0.5730296972813335
230_IM-0326-0004_anon.png,Gaussian Blur,0.0021917825,0.046816476,26.592025126312315,0.4416508105644538
230_IM-0326-0004_anon.png,Bilateral Filter,0.0018374824,0.042865865,27.357768466068283,0.3972169095787921
230_IM-0326-0004_anon.png,Median Filter,0.0018674092,0.04321353,27.28760429476778,0.4460679590115352
230_IM-0326-0004_anon.png,NLM Filter,0.0012651248,0.03556859,28.978666232559096,0.4137159156817463
230_IM-0326-0004_anon.png,Wiener Filter,0.001158657877784843,0.03403906399689691,29.360447812272866,0.43651473354803855
143_IM-0391-0056_anon.png,Gaussian Blur,0.0017842448,0.04224032,27.4854557620009,0.5437244071024393
143_IM-0391-0056_anon.png,Bilateral Filter,0.0016224692,0.040279884,27.89823587019854,0.47952495769619313
143_IM-0391-0056_anon.png,Median Filter,0.001540989,0.039255433,28.12200460608154,0.5458432069082619
143_IM-0391-0056_anon.png,NLM Filter,0.0011347285,0.033685733,29.451080075273552,0.5039096524291384
143_IM-0391-0056_anon.png,Wiener Filter,0.0009973887303987947,0.03158146181541942,30.011355432294135,0.5316674198842128
5_IM-0040-0020_anon.png,Gaussian Blur,0.0030701915,0.05540931,25.12834510608432,0.396154025411487
5_IM-0040-0020_anon.png,Bilateral Filter,0.0023923668,0.048911825,26.211722758984326,0.36323617309838613
5_IM-0040-0020_anon.png,Median Filter,0.0024504892,0.049502417,26.107471999548487,0.4039463517095123
5_IM-0040-0020_anon.png,NLM Filter,0.0018138576,0.042589407,27.413967963472775,0.36961234222303607
5_IM-0040-0020_anon.png,Wiener Filter,0.0014806819059747193,0.038479629753607546,28.295382306873037,0.399555078830058
425_IM-0908-0037_anon.png,Gaussian Blur,0.0020714519,0.045513205,26.837251704673555,0.35394302784781156
425_IM-0908-0037_anon.png,Bilateral Filter,0.0018063562,0.04250125,27.431966302183575,0.3323298562705695
425_IM-0908-0037_anon.png,Median Filter,0.0017264918,0.041551076,27.628355133762213,0.3588729809188583
425_IM-0908-0037_anon.png,NLM Filter,0.0014398684,0.0379456,28.416772283283397,0.32186335007571615
425_IM-0908-0037_anon.png,Wiener Filter,0.0012290140320821322,0.035057296417181576,29.104431585935696,0.36397903672869647
169_IM-0885-0035_anon.png,Gaussian Blur,0.0021226527,0.046072256,26.73121019539284,0.40082267446558517
169_IM-0885-0035_anon.png,Bilateral Filter,0.0020730025,0.045530237,26.834002021700943,0.34004972656097254
169_IM-0885-0035_anon.png,Median Filter,0.0016995579,0.041225694,27.69664026771183,0.4130491578101249
169_IM-0885-0035_anon.png,NLM Filter,0.0013740819,0.037068613,28.61987394322066,0.39416294518796385
169_IM-0885-0035_anon.png,Wiener Filter,0.0012657946209691851,0.03557800754636472,28.976367542045,0.39674382132267333
310_IM-0422-0047_anon.png,Gaussian Blur,0.0021124354,0.04596124,26.75216546753329,0.4634797387161014
310_IM-0422-0047_anon.png,Bilateral Filter,0.001816938,0.042625558,27.406599346105903,0.400287704240715
310_IM-0422-0047_anon.png,Median Filter,0.0019022452,0.043614738,27.20733562343058,0.47158341915573515
310_IM-0422-0047_anon.png,NLM Filter,0.001246561,0.03530667,29.04286456962245,0.44958952907896976
310_IM-0422-0047_anon.png,Wiener Filter,0.0011686146612388795,0.03418500638055929,29.323286694075744,0.45081223932267767
272_IM-0034-0008_anon.png,Gaussian Blur,0.0016729215,0.040901363,27.76524521557544,0.5536662491558411
272_IM-0034-0008_anon.png,Bilateral Filter,0.0018235294,0.0427028,27.390871795338157,0.4797106773216392
272_IM-0034-0008_anon.png,Median Filter,0.0015632082,0.039537426,28.059832066534245,0.558197281387676
272_IM-0034-0008_anon.png,NLM Filter,0.0010936724,0.033070717,29.611127480505566,0.5253327986253407
272_IM-0034-0008_anon.png,Wiener Filter,0.0010069963581198446,0.031733205922500875,29.969721001031004,0.5430577727025725
112_IM-0503-0038_anon.png,Gaussian Blur,0.0019448749,0.044100735,27.111083601197578,0.3257712599097991
112_IM-0503-0038_anon.png,Bilateral Filter,0.0019576433,0.04424526,27.082664936581416,0.29537986086529117
112_IM-0503-0038_anon.png,Median Filter,0.0016811319,0.041001607,27.743982605383557,0.3342222181074419
112_IM-0503-0038_anon.png,NLM Filter,0.0014718376,0.038364537,28.321400688430444,0.31333621542561324
112_IM-0503-0038_anon.png,Wiener Filter,0.0012918055722516305,0.03594169684713885,28.888028464433447,0.3343993179304058
104_IM-0112-0030_anon.png,Gaussian Blur,0.0017446704,0.04176925,27.58286599128706,0.4860740660144395
104_IM-0112-0030_anon.png,Bilateral Filter,0.0016911762,0.04112391,27.718111062293932,0.426260616741655
104_IM-0112-0030_anon.png,Median Filter,0.0015626298,0.039530113,28.06143849293249,0.4904090504403512
104_IM-0112-0030_anon.png,NLM Filter,0.0012114896,0.03480646,29.1668034456641,0.45698130662601916
104_IM-0112-0030_anon.png,Wiener Filter,0.001079384039556142,0.03285398057399045,29.66824007971697,0.47755253472439335
141_IM-0120-0035_anon.png,Gaussian Blur,0.0018396536,0.042891182,27.35263934187841,0.4588057063937213
141_IM-0120-0035_anon.png,Bilateral Filter,0.0016295612,0.040367823,27.879293314206457,0.40378152781596044
141_IM-0120-0035_anon.png,Median Filter,0.0016173408,0.040216178,27.91198409511985,0.4640077291597172
141_IM-0120-0035_anon.png,NLM Filter,0.0012528861,0.035396133,29.02088343079655,0.43381834273022146
141_IM-0120-0035_anon.png,Wiener Filter,0.0011235172705133373,0.03351890914861844,29.49420247293812,0.44855789273953595
34_IM-0359-0004-0002_anon.png,Gaussian Blur,0.0017042757,0.041282874,27.684601423410694,0.4688958542861483
34_IM-0359-0004-0002_anon.png,Bilateral Filter,0.0017281935,0.041571546,27.624077551845915,0.3867998512600449
34_IM-0359-0004-0002_anon.png,Median Filter,0.0014960963,0.038679402,28.250404476010278,0.47739836530639007
34_IM-0359-0004-0002_anon.png,NLM Filter,0.0012122034,0.034816712,29.164245449953874,0.4606518368262401
34_IM-0359-0004-0002_anon.png,Wiener Filter,0.001141568794822756,0.03378710989153639,29.424979113208003,0.44614354029870396
290_IM-0501-0014-0001_anon.png,Gaussian Blur,0.0020916099,0.045734122,26.795193308567566,0.41636119800999727
290_IM-0501-0014-0001_anon.png,Bilateral Filter,0.0020587428,0.045373373,26.86397978027292,0.3642335062648467
290_IM-0501-0014-0001_anon.png,Median Filter,0.0017435373,0.041755684,27.585687642119424,0.4269998221692148
290_IM-0501-0014-0001_anon.png,NLM Filter,0.0013584992,0.036857825,28.6694060166166,0.4035981707757242
290_IM-0501-0014-0001_anon.png,Wiener Filter,0.0012510694312901397,0.035370459868231,29.027185873573895,0.41727301968038494
84_IM-0105-0016_anon.png,Gaussian Blur,0.0019103367,0.043707397,27.188901739179006,0.5292204133989546
84_IM-0105-0016_anon.png,Bilateral Filter,0.0017596667,0.04194838,27.545695945402873,0.4575768673473468
84_IM-0105-0016_anon.png,Median Filter,0.0016197579,0.040246215,27.90549938635,0.534610763080754
84_IM-0105-0016_anon.png,NLM Filter,0.0011520189,0.033941403,29.385404472864607,0.4971165989613017
84_IM-0105-0016_anon.png,Wiener Filter,0.0010582010062272912,0.03253000163275881,29.75431829839728,0.5139400399594394
13_IM-0293-0055_anon.png,Gaussian Blur,0.0013751829,0.03708346,28.616395305715187,0.7415870808861559
13_IM-0293-0055_anon.png,Bilateral Filter,0.0014034141,0.037462167,28.528141505255718,0.6661502224347615
13_IM-0293-0055_anon.png,Median Filter,0.0011603716,0.034064226,29.35402931985939,0.7390099807309964
13_IM-0293-0055_anon.png,NLM Filter,0.0008917931,0.029862905,30.497358691741585,0.6717242332212534
13_IM-0293-0055_anon.png,Wiener Filter,0.0007036804866264479,0.026526976582838233,31.526244919851916,0.7286811328796744
128_IM-0894-1024_anon.png,Gaussian Blur,0.0016838941,0.04103528,27.73685148798542,0.27981559960929153
128_IM-0894-1024_anon.png,Bilateral Filter,0.0017002576,0.04123418,27.694853206569277,0.2540147785951853
128_IM-0894-1024_anon.png,Median Filter,0.001611913,0.040148634,27.92658440750465,0.2837038554047625
128_IM-0894-1024_anon.png,NLM Filter,0.0013324654,0.03650295,28.75344088240704,0.28561296961724886
128_IM-0894-1024_anon.png,Wiener Filter,0.0012606392467587463,0.03550548192545408,28.994091763588784,0.28865546176355283
537_IM-0674-0034_anon.png,Gaussian Blur,0.0018583373,0.043108437,27.308754472500283,0.48537338642993716
537_IM-0674-0034_anon.png,Bilateral Filter,0.0016843664,0.04104103,27.735634808094257,0.4296164039742687
537_IM-0674-0034_anon.png,Median Filter,0.0016212568,0.040264834,27.901482330075964,0.48857725239903227
537_IM-0674-0034_anon.png,NLM Filter,0.0012165377,0.0348789,29.1487445145153,0.4542735075576289
537_IM-0674-0034_anon.png,Wiener Filter,0.0010761327744435686,0.03280446272145862,29.68134141633609,0.47680120051899466
401_IM-0046-5120_anon.png,Gaussian Blur,0.0014560105,0.038157705,28.368355721090623,0.36284574422967075
401_IM-0046-5120_anon.png,Bilateral Filter,0.001726311,0.0415489,27.62880934370411,0.31418658413474876
401_IM-0046-5120_anon.png,Median Filter,0.0013393043,0.036596507,28.73120746889522,0.36863052550314196
401_IM-0046-5120_anon.png,NLM Filter,0.001198746,0.03462291,29.212728360975312,0.37533533889735415
401_IM-0046-5120_anon.png,Wiener Filter,0.0011650050861567705,0.034132170838620426,29.336721785993376,0.36554386476839174
37_IM-0026-0017_anon.png,Gaussian Blur,0.0020746589,0.045548424,26.830533080182548,0.3447204121259589
37_IM-0026-0017_anon.png,Bilateral Filter,0.0016745449,0.040921204,27.76103170249992,0.31939376565812044
37_IM-0026-0017_anon.png,Median Filter,0.0018826543,0.043389563,27.252294421907838,0.34742608306160677
37_IM-0026-0017_anon.png,NLM Filter,0.0013923617,0.037314363,28.5624794242226,0.32169473991793646
37_IM-0026-0017_anon.png,Wiener Filter,0.0012277846987457622,0.03503975882830477,29.108777833125302,0.3441962883313387
119_IM-0855-0017_anon.png,Gaussian Blur,0.0018126455,0.042575173,27.416871116675186,0.520604941643179
119_IM-0855-0017_anon.png,Bilateral Filter,0.001627373,0.04034071,27.885128906059386,0.464786533752799
119_IM-0855-0017_anon.png,Median Filter,0.0015838052,0.03979705,28.00298238522936,0.5219605901309561
119_IM-0855-0017_anon.png,NLM Filter,0.0011654269,0.034138348,29.33514937543945,0.479172899796359
119_IM-0855-0017_anon.png,Wiener Filter,0.001009808369494252,0.03177748211382161,29.957610341058654,0.5118125238675957
525_IM-0550-0042_anon.png,Gaussian Blur,0.0019030392,0.04362384,27.205522314707938,0.5480911410450202
525_IM-0550-0042_anon.png,Bilateral Filter,0.0017087716,0.04133729,27.673160154422295,0.4740295555855839
525_IM-0550-0042_anon.png,Median Filter,0.0016381027,0.04047348,27.856589012127316,0.5526223205357104
525_IM-0550-0042_anon.png,NLM Filter,0.0011325805,0.033653833,29.459308554174854,0.5173566183951138
525_IM-0550-0042_anon.png,Wiener Filter,0.001021822238829203,0.03196595437069263,29.906246496125476,0.5327661781871518
446_IM-0028-0001_anon.png,Gaussian Blur,0.0016544265,0.04067464,27.81352552220317,0.5998500380632635
446_IM-0028-0001_anon.png,Bilateral Filter,0.0016421959,0.040524017,27.845750119288027,0.5249543653352373
446_IM-0028-0001_anon.png,Median Filter,0.0015351564,0.039181072,28.13847379753276,0.6035316162321456
446_IM-0028-0001_anon.png,NLM Filter,0.0010121255,0.03181392,29.94765650819877,0.5652379502727639
446_IM-0028-0001_anon.png,Wiener Filter,0.0009171442007048155,0.030284388729258108,30.37562375729232,0.5788380837064586
443_IM-0008-0005_anon.png,Gaussian Blur,0.0017003756,0.04123561,27.694551338820432,0.5165512324056899
443_IM-0008-0005_anon.png,Bilateral Filter,0.00162215,0.040275924,27.899090057558354,0.44434832270170743
443_IM-0008-0005_anon.png,Median Filter,0.0014831754,0.038512018,28.288074925158043,0.5212337307774711
443_IM-0008-0005_anon.png,NLM Filter,0.0011668538,0.034159243,29.329834849593954,0.48751346260565964
443_IM-0008-0005_anon.png,Wiener Filter,0.0010322372640459668,0.03212844944976285,29.86220466834157,0.5005680097977618
322_IM-0241-0001_anon.png,Gaussian Blur,0.0019959784,0.044676375,26.99844151760383,0.5325729031705941
322_IM-0241-0001_anon.png,Bilateral Filter,0.0016850062,0.04104883,27.73398503192128,0.4774340792323758
322_IM-0241-0001_anon.png,Median Filter,0.001730945,0.041604627,27.61716710173207,0.536337984381183
322_IM-0241-0001_anon.png,NLM Filter,0.0011504914,0.033918895,29.391166609495784,0.5010429561549711
322_IM-0241-0001_anon.png,Wiener Filter,0.001045218009342636,0.03232983156997011,29.807931158881225,0.5218594192860819
541_IM-0038-10496_anon.png,Gaussian Blur,0.0013974512,0.0373825,28.54663368342013,0.38377589728633926
541_IM-0038-10496_anon.png,Bilateral Filter,0.0015823748,0.039779074,28.006907250170606,0.3325351103572764
541_IM-0038-10496_anon.png,Median Filter,0.0013112833,0.036211647,28.823035089479138,0.389233317482196
541_IM-0038-10496_anon.png,NLM Filter,0.0011750488,0.034278985,29.29944051512583,0.38802435061265933
541_IM-0038-10496_anon.png,Wiener Filter,0.0011227688685495336,0.03350774341177773,29.49709637723197,0.3852591510826407
126_IM-0068-0002_anon.png,Gaussian Blur,0.0016036599,0.040045723,27.948877558398536,0.632937034459565
126_IM-0068-0002_anon.png,Bilateral Filter,0.0019036464,0.043630797,27.204137171138875,0.5295113021182583
126_IM-0068-0002_anon.png,Median Filter,0.0014462003,0.03802894,28.397714752981894,0.6407272532726632
126_IM-0068-0002_anon.png,NLM Filter,0.0009795526,0.031297807,30.089722635763625,0.6078889612661873
126_IM-0068-0002_anon.png,Wiener Filter,0.000947439485293948,0.030780504955148932,30.23448519663013,0.6078836610700069
161_IM-0496-0003_anon.png,Gaussian Blur,0.0017982038,0.042405233,27.45161073007538,0.5173564324483134
161_IM-0496-0003_anon.png,Bilateral Filter,0.0015839719,0.039799143,28.002525494313247,0.45921505762044473
161_IM-0496-0003_anon.png,Median Filter,0.001588918,0.039861236,27.98898523571349,0.5186565896349019
161_IM-0496-0003_anon.png,NLM Filter,0.0011619241,0.034087006,29.34822273824802,0.4724635215505968
161_IM-0496-0003_anon.png,Wiener Filter,0.00099975557412587,0.03161891165308936,30.0010616578373,0.5071417400003642
579_IM-0393-0001_anon.png,Gaussian Blur,0.0019368253,0.044009376,27.12909589416428,0.5596716142505671
579_IM-0393-0001_anon.png,Bilateral Filter,0.0016243713,0.04030349,27.893147285273198,0.5002138411548989
579_IM-0393-0001_anon.png,Median Filter,0.0017140962,0.041401643,27.659648434341616,0.5618653848671427
579_IM-0393-0001_anon.png,NLM Filter,0.0011179874,0.03343632,29.515630084433383,0.5201196555910685
579_IM-0393-0001_anon.png,Wiener Filter,0.000995292884100473,0.03154826277468338,30.020491009310447,0.54828048799541
390_IM-0196-0027_anon.png,Gaussian Blur,0.0021088389,0.045922097,26.75956541336049,0.39112644021317067
390_IM-0196-0027_anon.png,Bilateral Filter,0.0020367855,0.04513076,26.91054735773129,0.338481832040607
390_IM-0196-0027_anon.png,Median Filter,0.0017234217,0.041514114,27.636084823431556,0.40181339198931093
390_IM-0196-0027_anon.png,NLM Filter,0.0013963195,0.03736736,28.550151769805833,0.3803079271447224
390_IM-0196-0027_anon.png,Wiener Filter,0.0012711743561877769,0.035653532169867504,28.957948768756275,0.38790967475433774
523_IM-0135-0066_anon.png,Gaussian Blur,0.001997381,0.04469207,26.995390920897826,0.4423203156810583
523_IM-0135-0066_anon.png,Bilateral Filter,0.0017796318,0.042185683,27.496698848982454,0.38802558913351803
523_IM-0135-0066_anon.png,Median Filter,0.0017465965,0.041792303,27.5780746293384,0.4488110500613007
523_IM-0135-0066_anon.png,NLM Filter,0.001268291,0.035613075,28.96781096592242,0.4221096950480787
523_IM-0135-0066_anon.png,Wiener Filter,0.001151996884325185,0.033941079598698465,29.38548695498058,0.43429206938062953
625_IM-0223-0256_anon.png,Gaussian Blur,0.0015608151,0.039507154,28.066485493905994,0.3732560918806887
625_IM-0223-0256_anon.png,Bilateral Filter,0.0016826584,0.04102022,27.740039763940466,0.3269837000900774
625_IM-0223-0256_anon.png,Median Filter,0.0014454417,0.038018964,28.399994609874444,0.3791175983178436
625_IM-0223-0256_anon.png,NLM Filter,0.0011867279,0.034448918,29.25648822202108,0.3838477907383976
625_IM-0223-0256_anon.png,Wiener Filter,0.0011482071880995954,0.033885206035962,29.399797386544144,0.3767389804428051
228_IM-0383-0068_anon.png,Gaussian Blur,0.0018574686,0.04309836,27.31078501749396,0.5318378665460576
228_IM-0383-0068_anon.png,Bilateral Filter,0.0017595361,0.041946825,27.546018426521183,0.4642124615900935
228_IM-0383-0068_anon.png,Median Filter,0.001597807,0.039972577,27.964755625619297,0.5365640338376456
228_IM-0383-0068_anon.png,NLM Filter,0.0011579266,0.03402832,29.363190019323426,0.5036233907557864
228_IM-0383-0068_anon.png,Wiener Filter,0.001054237604139796,0.0324690253031993,29.770614967729845,0.520170839784831
404_IM-0262-0009_anon.png,Gaussian Blur,0.0019561413,0.044228286,27.08599786936164,0.39310030864340373
404_IM-0262-0009_anon.png,Bilateral Filter,0.0016976398,0.041202426,27.701544415452695,0.3439074088607006
404_IM-0262-0009_anon.png,Median Filter,0.001701388,0.041247886,27.691966370787355,0.3980060801719936
404_IM-0262-0009_anon.png,NLM Filter,0.0013262113,0.036417183,28.773872893496332,0.37219359483982206
404_IM-0262-0009_anon.png,Wiener Filter,0.0011837534969134772,0.03440571895649729,29.26738725042116,0.3833392691181317
455_IM-0048-0045_anon.png,Gaussian Blur,0.0018367012,0.042856753,27.35961498370512,0.528485114355719
455_IM-0048-0045_anon.png,Bilateral Filter,0.0017684521,0.04205297,27.524066982254595,0.45682635302722036
455_IM-0048-0045_anon.png,Median Filter,0.0015703652,0.03962783,28.039993071356747,0.5336034727152361
455_IM-0048-0045_anon.png,NLM Filter,0.0011604616,0.03406555,29.35369222201836,0.49908486100365024
455_IM-0048-0045_anon.png,Wiener Filter,0.0010482711669487475,0.032377016029102305,29.79526359455061,0.5142899156074645
613_IM-0484-0052_anon.png,Gaussian Blur,0.0016201055,0.040250532,27.904567921181844,0.5614899049310228
613_IM-0484-0052_anon.png,Bilateral Filter,0.0015491985,0.03935986,28.098928821511528,0.5250834880570878
613_IM-0484-0052_anon.png,Median Filter,0.001524922,0.039050248,28.16752399267321,0.5562159140218886
613_IM-0484-0052_anon.png,NLM Filter,0.0011001199,0.033168055,29.58559967207836,0.4943021689882323
613_IM-0484-0052_anon.png,Wiener Filter,0.000893948647156304,0.029898974015111355,30.48687428516399,0.5647069940675061
27_IM-0203-0020_anon.png,Gaussian Blur,0.001710521,0.041358445,27.668715894651385,0.6027935500500322
27_IM-0203-0020_anon.png,Bilateral Filter,0.0017291489,0.041583035,27.62167646932902,0.5481109414376352
27_IM-0203-0020_anon.png,Median Filter,0.001576775,0.039708626,28.022302823172783,0.6008790060030461
27_IM-0203-0020_anon.png,NLM Filter,0.0010720312,0.03274189,29.697925753837087,0.5480136393089148
27_IM-0203-0020_anon.png,Wiener Filter,0.0009034095230970462,0.03005677166791281,30.441153357286876,0.6009960478086968
298_IM-0257-0001_anon.png,Gaussian Blur,0.0017639452,0.041999348,27.535149330429675,0.4713028810141234
298_IM-0257-0001_anon.png,Bilateral Filter,0.001617557,0.040218864,27.911404228707507,0.4285677028136584
298_IM-0257-0001_anon.png,Median Filter,0.0015392415,0.03923317,28.126932867919866,0.4739112146482345
298_IM-0257-0001_anon.png,NLM Filter,0.0012163017,0.034875516,29.14958692336297,0.4355678694054857
298_IM-0257-0001_anon.png,Wiener Filter,0.0010566942187372418,0.03250683341602565,29.760506686316724,0.4674364878596577
282_IM-0389-0043_anon.png,Gaussian Blur,0.001616793,0.040209364,27.913456319186295,0.5842829173059592
282_IM-0389-0043_anon.png,Bilateral Filter,0.0015025497,0.038762737,28.23171167392242,0.5046486483874827
282_IM-0389-0043_anon.png,Median Filter,0.0014092448,0.03753991,28.510134469761724,0.5855981290202665
282_IM-0389-0043_anon.png,NLM Filter,0.0010799911,0.03286322,29.665798657018417,0.5326730752707309
282_IM-0389-0043_anon.png,Wiener Filter,0.0009149067231108603,0.030247425065794614,30.386231810190147,0.5631260423066666
283_IM-0045-10496_anon.png,Gaussian Blur,0.0014175068,0.03764979,28.48474855104099,0.3326219426855245
283_IM-0045-10496_anon.png,Bilateral Filter,0.0015977406,0.039971747,27.964937632773072,0.2998849686530326
283_IM-0045-10496_anon.png,Median Filter,0.0013408095,0.036617067,28.72632921636404,0.33579690781795185
283_IM-0045-10496_anon.png,NLM Filter,0.0012540591,0.0354127,29.016820275770087,0.3336322939623965
283_IM-0045-10496_anon.png,Wiener Filter,0.0011790842873980552,0.03433779677553665,29.284551480487146,0.33996397726935645
482_IM-0155-0028_anon.png,Gaussian Blur,0.0018957815,0.043540575,27.22211642809163,0.4787113396131853
482_IM-0155-0028_anon.png,Bilateral Filter,0.001777749,0.04216336,27.501296025980334,0.4117626706041897
482_IM-0155-0028_anon.png,Median Filter,0.0016673291,0.04083294,27.779786128251626,0.48440768652624666
482_IM-0155-0028_anon.png,NLM Filter,0.0012151897,0.03485957,29.153559886783018,0.45806194974189146
482_IM-0155-0028_anon.png,Wiener Filter,0.0011180586403324482,0.03343738387392842,29.51535417822644,0.46468921313509426
262_IM-0028-11264_anon.png,Gaussian Blur,0.0013708472,0.037024952,28.630109282715544,0.39087186555670655
262_IM-0028-11264_anon.png,Bilateral Filter,0.0015305893,0.039122745,28.15141327444973,0.3497023995264292
262_IM-0028-11264_anon.png,Median Filter,0.0012852873,0.035850905,28.90999811920308,0.3941796868073692
262_IM-0028-11264_anon.png,NLM Filter,0.001162248,0.03409176,29.347012052413348,0.3923490705780105
262_IM-0028-11264_anon.png,Wiener Filter,0.0010955487009772287,0.0330990740199364,29.603683117631952,0.39401596871463124
72_IM-0130-0014_anon.png,Gaussian Blur,0.0017040948,0.041280683,27.68506178985533,0.5760475852809241
72_IM-0130-0014_anon.png,Bilateral Filter,0.0016789165,0.040974583,27.749708843350042,0.49206340102374235
72_IM-0130-0014_anon.png,Median Filter,0.0014830624,0.03851055,28.28840527052772,0.5816826096264704
72_IM-0130-0014_anon.png,NLM Filter,0.0011075394,0.033279713,29.556408068191736,0.5516432404408742
72_IM-0130-0014_anon.png,Wiener Filter,0.001017300884031033,0.03189515455411735,29.925505781016494,0.5553337081563438
144_IM-0257-0061_anon.png,Gaussian Blur,0.0019827902,0.044528533,27.027232578201186,0.42154676448315165
144_IM-0257-0061_anon.png,Bilateral Filter,0.001748106,0.041810356,27.57432295198512,0.3760082197229471
144_IM-0257-0061_anon.png,Median Filter,0.0017502778,0.04183632,27.56893008083638,0.42478482368284676
144_IM-0257-0061_anon.png,NLM Filter,0.0013010044,0.036069438,28.85721276824129,0.394091065082897
144_IM-0257-0061_anon.png,Wiener Filter,0.0011600317373074347,0.03405923864838195,29.355301287481343,0.41608837422799116
417_IM-0149-0027_anon.png,Gaussian Blur,0.002102089,0.045848545,26.773487594361256,0.46547969794195154
417_IM-0149-0027_anon.png,Bilateral Filter,0.001755935,0.04190388,27.55491613426116,0.42204267300569454
417_IM-0149-0027_anon.png,Median Filter,0.001906457,0.043662995,27.1977297740305,0.46770052571170423
417_IM-0149-0027_anon.png,NLM Filter,0.0012482367,0.035330392,29.03703001825699,0.4362151977922301
417_IM-0149-0027_anon.png,Wiener Filter,0.0011110069039895537,0.03333177018985871,29.542832422695284,0.46169591275117394
22_IM-0038-0004_anon.png,Gaussian Blur,0.0015612843,0.03951309,28.06517901094507,0.6130592810571148
22_IM-0038-0004_anon.png,Bilateral Filter,0.0018104527,0.042549413,27.422128632014857,0.5204223077820886
22_IM-0038-0004_anon.png,Median Filter,0.0014354222,0.037886966,28.43020288620556,0.6198433320458243
22_IM-0038-0004_anon.png,NLM Filter,0.0010182327,0.031909756,29.92152972421461,0.5876499135348306
22_IM-0038-0004_anon.png,Wiener Filter,0.00096575592375476,0.0310766137755509,30.151326192989956,0.5909868418348836
582_IM-0601-0059_anon.png,Gaussian Blur,0.0020585968,0.045371763,26.86428640092741,0.34319775300890215
582_IM-0601-0059_anon.png,Bilateral Filter,0.0019634403,0.044310726,27.069822794407088,0.3096558015010517
582_IM-0601-0059_anon.png,Median Filter,0.0017813825,0.042206425,27.49242823370691,0.3509991909293979
582_IM-0601-0059_anon.png,NLM Filter,0.0014529318,0.03811734,28.377548449826115,0.3248074549420771
582_IM-0601-0059_anon.png,Wiener Filter,0.0012775700970412962,0.03574311258188487,28.936152618992704,0.3520606840921193
130_IM-0650-0053_anon.png,Gaussian Blur,0.0022060554,0.046968665,26.56383628436899,0.4971472429342883
130_IM-0650-0053_anon.png,Bilateral Filter,0.002035443,0.045115884,26.913410244044172,0.41638954058101546
130_IM-0650-0053_anon.png,Median Filter,0.0019187338,0.043803353,27.169852436047805,0.5070278835577251
130_IM-0650-0053_anon.png,NLM Filter,0.0011922865,0.034529503,29.236194014097023,0.49086500305376174
130_IM-0650-0053_anon.png,Wiener Filter,0.0011811709453363902,0.03436816761679898,29.27687244432384,0.47880485018214575
51_IM-0419-1280_anon.png,Gaussian Blur,0.0014854688,0.03854178,28.281363933515912,0.3760716361861328
51_IM-0419-1280_anon.png,Bilateral Filter,0.0017100918,0.041353256,27.66980649106324,0.32804594053473685
51_IM-0419-1280_anon.png,Median Filter,0.001405424,0.037488986,28.521926179370634,0.38225963320697576
51_IM-0419-1280_anon.png,NLM Filter,0.0011851814,0.034426466,29.2621524408666,0.38610795142792276
51_IM-0419-1280_anon.png,Wiener Filter,0.0011558630795388616,0.03399798640418079,29.370936082360387,0.3801513437790507
369_IM-0462-0004_anon.png,Gaussian Blur,0.001834193,0.04282748,27.365548884522983,0.44027356399650064
369_IM-0462-0004_anon.png,Bilateral Filter,0.0016583423,0.04072275,27.80325908433835,0.3739595870384939
369_IM-0462-0004_anon.png,Median Filter,0.0016360024,0.040447526,27.8621606332812,0.44683320756954165
369_IM-0462-0004_anon.png,NLM Filter,0.0012520192,0.035383884,29.02389024366428,0.4223007715476129
369_IM-0462-0004_anon.png,Wiener Filter,0.001135587333141712,0.03369847671841729,29.44779460437602,0.42387769327755387
197_IM-0564-0002_anon.png,Gaussian Blur,0.00200987,0.044831574,26.968320882362818,0.5467804931210415
197_IM-0564-0002_anon.png,Bilateral Filter,0.0018253211,0.04272378,27.386607433357874,0.48281211218405046
197_IM-0564-0002_anon.png,Median Filter,0.0017421646,0.041739244,27.589107261162873,0.551096566601402
197_IM-0564-0002_anon.png,NLM Filter,0.0011315757,0.033638902,29.463163504155368,0.5185435937831221
197_IM-0564-0002_anon.png,Wiener Filter,0.0010653869661993898,0.0326402660252546,29.72492620618871,0.5349881539217765
555_IM-0347-0008_anon.png,Gaussian Blur,0.0022107684,0.047018807,26.554567500519752,0.48025044829712105
555_IM-0347-0008_anon.png,Bilateral Filter,0.0017775387,0.042160865,27.501809971413586,0.4316962477146384
555_IM-0347-0008_anon.png,Median Filter,0.0019005024,0.04359475,27.211315410451576,0.48484805033895784
555_IM-0347-0008_anon.png,NLM Filter,0.0012302268,0.035074588,29.100147818051163,0.4527191613382457
555_IM-0347-0008_anon.png,Wiener Filter,0.0011130899584988279,0.03336300283995474,29.534697351254295,0.4750760598255999
41_IM-0439-0032_anon.png,Gaussian Blur,0.0018146962,0.042599253,27.411960745141517,0.5230507672677538
41_IM-0439-0032_anon.png,Bilateral Filter,0.0015933565,0.03991687,27.976870189045478,0.4693571369163954
41_IM-0439-0032_anon.png,Median Filter,0.0015757655,0.039695915,28.02508350446344,0.5224044621908522
41_IM-0439-0032_anon.png,NLM Filter,0.0011720082,0.034234606,29.310693764826226,0.4709868275202483
41_IM-0439-0032_anon.png,Wiener Filter,0.000995433289500043,0.031550487943929534,30.019878395771006,0.5162305302945922
461_IM-0399-0008_anon.png,Gaussian Blur,0.0020628704,0.045418832,26.855280548975593,0.5175573656992907
461_IM-0399-0008_anon.png,Bilateral Filter,0.001571843,0.039646477,28.035907929793797,0.4683799990106539
461_IM-0399-0008_anon.png,Median Filter,0.0018139824,0.04259087,27.413669701771532,0.5183657041132254
461_IM-0399-0008_anon.png,NLM Filter,0.0011748277,0.03427576,29.300258255297663,0.47203442059717976
461_IM-0399-0008_anon.png,Wiener Filter,0.001014909737463437,0.03185764802152596,29.93572580671635,0.5102139778632847
68_IM-0704-0017_anon.png,Gaussian Blur,0.0016862935,0.041064505,27.730668450679193,0.5584940978519624
68_IM-0704-0017_anon.png,Bilateral Filter,0.0016521744,0.040646948,27.819441360218036,0.48760920193269425
68_IM-0704-0017_anon.png,Median Filter,0.0014947663,0.038662206,28.25426648007003,0.561202527900296
68_IM-0704-0017_anon.png,NLM Filter,0.001112763,0.0333581,29.535972941012268,0.5219600472554702
68_IM-0704-0017_anon.png,Wiener Filter,0.0009891710418561718,0.0314510896767691,30.047286061665393,0.5431212332303316
122_IM-0144-0001_anon.png,Gaussian Blur,0.002045101,0.045222793,26.892852770219395,0.5307961830050485
122_IM-0144-0001_anon.png,Bilateral Filter,0.0018341767,0.04282729,27.365588963579942,0.4612649718857957
122_IM-0144-0001_anon.png,Median Filter,0.0017371573,0.04167922,27.601608681292507,0.5372435323720247
122_IM-0144-0001_anon.png,NLM Filter,0.0011588215,0.034041468,29.35983453445172,0.5052169376553446
122_IM-0144-0001_anon.png,Wiener Filter,0.0010967453157970555,0.03311714534492753,29.598942117922537,0.516288519564014
259_IM-0310-0043_anon.png,Gaussian Blur,0.002216365,0.047078285,26.543588120250195,0.4472774468970353
259_IM-0310-0043_anon.png,Bilateral Filter,0.0018196347,0.042657178,27.40015815448624,0.4103343093576657
259_IM-0310-0043_anon.png,Median Filter,0.0019321543,0.043956276,27.13958198391589,0.4512009454440287
259_IM-0310-0043_anon.png,NLM Filter,0.0012736095,0.035687666,28.9496367133955,0.42377034377371564
259_IM-0310-0043_anon.png,Wiener Filter,0.0011468800535507388,0.033865617572262564,29.40482000411695,0.4482099601996263
2_IM-0383-0001_anon.png,Gaussian Blur,0.0017583859,0.04193311,27.548858270764427,0.5250297729546431
2_IM-0383-0001_anon.png,Bilateral Filter,0.0018028514,0.04246,27.4404006311209,0.46432224176714676
2_IM-0383-0001_anon.png,Median Filter,0.0015320469,0.03914137,28.1472798489337,0.5289779878171964
2_IM-0383-0001_anon.png,NLM Filter,0.0011705338,0.034213066,29.31615970109791,0.49628212975815367
2_IM-0383-0001_anon.png,Wiener Filter,0.001071123164335561,0.03272801803249872,29.70160588443679,0.5155526144200968
383_IM-0317-0010_anon.png,Gaussian Blur,0.0023491422,0.04846795,26.290906718519853,0.42293781053306945
383_IM-0317-0010_anon.png,Bilateral Filter,0.001944666,0.044098366,27.11155011765826,0.3832251466745265
383_IM-0317-0010_anon.png,Median Filter,0.0020552548,0.045334917,26.87134349781609,0.42911011784323255
383_IM-0317-0010_anon.png,NLM Filter,0.0013074387,0.03615852,28.835786558502264,0.4086306145136138
383_IM-0317-0010_anon.png,Wiener Filter,0.0012223514635255825,0.03496214329135991,29.12803903157705,0.42249391755859667
368_IM-0005-0028_anon.png,Gaussian Blur,0.0020820466,0.04562945,26.815095644359243,0.4998897453547881
368_IM-0005-0028_anon.png,Bilateral Filter,0.0018200097,0.04266157,27.399262891567915,0.43157499716005565
368_IM-0005-0028_anon.png,Median Filter,0.001872787,0.04327571,27.275116492429,0.5052727850521307
368_IM-0005-0028_anon.png,NLM Filter,0.0011998418,0.034638733,29.20876020534241,0.4811127388037943
368_IM-0005-0028_anon.png,Wiener Filter,0.001113095181252314,0.033363081111496794,29.534676973676717,0.4864033596207878
381_IM-0156-0005_anon.png,Gaussian Blur,0.002022028,0.044966966,26.942128444657087,0.3698556268344802
381_IM-0156-0005_anon.png,Bilateral Filter,0.002006806,0.044797387,26.974945761028195,0.3186327073012157
381_IM-0156-0005_anon.png,Median Filter,0.0017164728,0.041430335,27.653631367476777,0.3810489882579853
381_IM-0156-0005_anon.png,NLM Filter,0.001411952,0.03757595,28.501800876512068,0.3657375556625542
381_IM-0156-0005_anon.png,Wiener Filter,0.0012751373250709812,0.03570906502655847,28.94443041654324,0.3701913594913258
173_IM-0585-0001_anon.png,Gaussian Blur,0.0020252008,0.04500223,26.935319080717658,0.5117391976014969
173_IM-0585-0001_anon.png,Bilateral Filter,0.0016913367,0.041125864,27.71769907292493,0.4622763768760103
173_IM-0585-0001_anon.png,Median Filter,0.0017710828,0.042084236,27.51761162690051,0.5135947156449698
173_IM-0585-0001_anon.png,NLM Filter,0.0011809795,0.034365382,29.277577098859425,0.4753256705258728
173_IM-0585-0001_anon.png,Wiener Filter,0.0010502067068463897,0.03240689289096364,29.78725212541937,0.5046254517401991
510_IM-0185-0057_anon.png,Gaussian Blur,0.002098931,0.045814093,26.780018257288567,0.5020141239021318
510_IM-0185-0057_anon.png,Bilateral Filter,0.0019313232,0.04394682,27.141450599484585,0.4149148718322202
510_IM-0185-0057_anon.png,Median Filter,0.001832601,0.04280889,27.36932155922286,0.5133601318684268
510_IM-0185-0057_anon.png,NLM Filter,0.0011821486,0.034382388,29.273279362043567,0.5006460421220833
510_IM-0185-0057_anon.png,Wiener Filter,0.001184406938075629,0.03441521375897045,29.264990572442926,0.47303709593897775
330_IM-0558-0045_anon.png,Gaussian Blur,0.001663706,0.040788554,27.78923439826241,0.6225344588959713
330_IM-0558-0045_anon.png,Bilateral Filter,0.0017887579,0.04229371,27.47448525609947,0.5500226887440243
330_IM-0558-0045_anon.png,Median Filter,0.0014923813,0.03863135,28.261201991750045,0.6226727400723067
330_IM-0558-0045_anon.png,NLM Filter,0.0010384085,0.032224346,29.83631775236369,0.5731559470201405
330_IM-0558-0045_anon.png,Wiener Filter,0.0008878957745725164,0.02979758001201635,30.51638010780643,0.6151916676191221
485_IM-0391-1024_anon.png,Gaussian Blur,0.0016283817,0.040353213,27.88243850761254,0.38623000847599454
485_IM-0391-1024_anon.png,Bilateral Filter,0.0017833165,0.042229332,27.48771601235193,0.34160870816398226
485_IM-0391-1024_anon.png,Median Filter,0.0015176751,0.03895735,28.18821184074138,0.3926413329094334
485_IM-0391-1024_anon.png,NLM Filter,0.0011727109,0.034244865,29.308090231319312,0.39617505783980517
485_IM-0391-1024_anon.png,Wiener Filter,0.001154967105626343,0.03398480698233172,29.374303846449095,0.39082301605724057
535_IM-0334-0035_anon.png,Gaussian Blur,0.0017502219,0.041835655,27.569068754230397,0.46033998521535024
535_IM-0334-0035_anon.png,Bilateral Filter,0.0015363274,0.039196014,28.135162468986298,0.4293486245263982
535_IM-0334-0035_anon.png,Median Filter,0.0015684217,0.039603304,28.045372915540526,0.4594786786011147
535_IM-0334-0035_anon.png,NLM Filter,0.0012399016,0.035212237,29.06612782286848,0.4125099945927343
535_IM-0334-0035_anon.png,Wiener Filter,0.0010450217364449278,0.03232679595080415,29.808746761367438,0.46162017811653766
286_IM-0158-0010_anon.png,Gaussian Blur,0.001920391,0.043822266,27.166103605406796,0.49959347430306356
286_IM-0158-0010_anon.png,Bilateral Filter,0.0018259,0.04273055,27.385229794796007,0.4323806334227128
286_IM-0158-0010_anon.png,Median Filter,0.001632548,0.040404804,27.87134004653671,0.5049842801422807
286_IM-0158-0010_anon.png,NLM Filter,0.0012043135,0.03470322,29.192604978631003,0.47607944789029394
286_IM-0158-0010_anon.png,Wiener Filter,0.0011123971637975315,0.0333526185448389,29.53740127097209,0.4871185451506525
433_IM-0469-0014_anon.png,Gaussian Blur,0.0018284633,0.042760532,27.3791379868656,0.3917711761924907
433_IM-0469-0014_anon.png,Bilateral Filter,0.002001056,0.044733163,26.987407774760545,0.33475261849746213
433_IM-0469-0014_anon.png,Median Filter,0.0015449519,0.039305877,28.11085084822155,0.4025155128636482
433_IM-0469-0014_anon.png,NLM Filter,0.0013872162,0.03724535,28.57855846968993,0.3828942497080465
433_IM-0469-0014_anon.png,Wiener Filter,0.0012302956017844306,0.03507556987112869,29.099905285606546,0.39051136813073556
26_IM-0003-0016_anon.png,Gaussian Blur,0.00194904,0.044147935,27.101792359540543,0.4276511598613313
26_IM-0003-0016_anon.png,Bilateral Filter,0.0016687732,0.04085062,27.776027416261147,0.38460768489155234
26_IM-0003-0016_anon.png,Median Filter,0.0017183474,0.041452955,27.648890401483662,0.4307161620275587
26_IM-0003-0016_anon.png,NLM Filter,0.0012861004,0.03586224,28.907250834219518,0.397985422434508
26_IM-0003-0016_anon.png,Wiener Filter,0.0011345609580029467,0.03368324446966098,29.451721652589033,0.4223283546143678
299_IM-0068-0001_anon.png,Gaussian Blur,0.002549984,0.050497368,25.93462590007608,0.4959133887093134
299_IM-0068-0001_anon.png,Bilateral Filter,0.0019630112,0.044305883,27.07077251833479,0.4738655389329351
299_IM-0068-0001_anon.png,Median Filter,0.0021856902,0.046751365,26.604114519523495,0.48705494145997363
299_IM-0068-0001_anon.png,NLM Filter,0.0017312778,0.041608628,27.616332105166542,0.4104263565264727
299_IM-0068-0001_anon.png,Wiener Filter,0.0011960445381868163,0.034583876853048395,29.22252647832037,0.506524384349393
378_IM-0829-9472_anon.png,Gaussian Blur,0.0015841092,0.039800867,28.002149603441474,0.3792318315722483
378_IM-0829-9472_anon.png,Bilateral Filter,0.0017443665,0.041765615,27.583622837107153,0.33074666286292154
378_IM-0829-9472_anon.png,Median Filter,0.0014925298,0.038633272,28.26076992810873,0.38447021078762306
378_IM-0829-9472_anon.png,NLM Filter,0.0012643341,0.035557475,28.98138135138783,0.38035110907243447
378_IM-0829-9472_anon.png,Wiener Filter,0.0011700824820863043,0.03420646842464601,29.317835226535536,0.3853265775753364
207_IM-0383-0025_anon.png,Gaussian Blur,0.0017311681,0.04160731,27.61660727216414,0.5148463252240982
207_IM-0383-0025_anon.png,Bilateral Filter,0.0016903514,0.041113883,27.720230205708045,0.45485659100416764
207_IM-0383-0025_anon.png,Median Filter,0.0015447121,0.039302826,28.111524272308497,0.517783494190489
207_IM-0383-0025_anon.png,NLM Filter,0.0011835652,0.03440298,29.268077880131067,0.48231683691518357
207_IM-0383-0025_anon.png,Wiener Filter,0.0010512867987645367,0.03242355314836017,29.782787890816213,0.5057217682161635
558_IM-0123-0005_anon.png,Gaussian Blur,0.0020526561,0.045306247,26.876838016435215,0.43431336970706175
558_IM-0123-0005_anon.png,Bilateral Filter,0.001708288,0.04133144,27.674389219615563,0.3923724460353691
558_IM-0123-0005_anon.png,Median Filter,0.0017880633,0.0422855,27.476171368423014,0.43762336402761076
558_IM-0123-0005_anon.png,NLM Filter,0.0012837823,0.03582991,28.915086696035527,0.40669229915178756
558_IM-0123-0005_anon.png,Wiener Filter,0.0011502090413566567,0.03391473192222897,29.392232229008115,0.4291015770828159
124_IM-0005-0003_anon.png,Gaussian Blur,0.0017304302,0.04159844,27.618459445505366,0.39865578131582646
124_IM-0005-0003_anon.png,Bilateral Filter,0.0017480418,0.04180959,27.574482526059366,0.3645339074920752
124_IM-0005-0003_anon.png,Median Filter,0.0015468942,0.039330576,28.10539408561461,0.40130588565465963
124_IM-0005-0003_anon.png,NLM Filter,0.0013792944,0.037138853,28.60343037407809,0.36070325750326143
124_IM-0005-0003_anon.png,Wiener Filter,0.0011461819061568434,0.03385530838962841,29.40746451678534,0.4067402647458241
227_IM-0195-0006_anon.png,Gaussian Blur,0.0017258185,0.041542973,27.630048642881636,0.49871248065432644
227_IM-0195-0006_anon.png,Bilateral Filter,0.0016126861,0.040158264,27.924502256572907,0.4346134988096343
227_IM-0195-0006_anon.png,Median Filter,0.001541861,0.039266538,28.11954808606957,0.5009603193690108
227_IM-0195-0006_anon.png,NLM Filter,0.0011799345,0.034350175,29.28142170922159,0.4609344609431931
227_IM-0195-0006_anon.png,Wiener Filter,0.0010350083899278168,0.03217154627816041,29.850561297388644,0.4842109395642614
94_IM-0113-0043_anon.png,Gaussian Blur,0.0022017162,0.04692245,26.5723874782805,0.45084725219937105
94_IM-0113-0043_anon.png,Bilateral Filter,0.0017949297,0.042366613,27.459525523720988,0.39943961598757766
94_IM-0113-0043_anon.png,Median Filter,0.0018923895,0.043501604,27.229894895617406,0.45518924011864254
94_IM-0113-0043_anon.png,NLM Filter,0.0012599325,0.035495527,28.996527433472416,0.4266789071142719
94_IM-0113-0043_anon.png,Wiener Filter,0.0011431401968039496,0.0338103563542881,29.419005036689747,0.443004589020004
413_IM-0112-0078_anon.png,Gaussian Blur,0.0019417511,0.044065304,27.118064538900747,0.5097290118799833
413_IM-0112-0078_anon.png,Bilateral Filter,0.0018152634,0.042605907,27.410604195837273,0.43938525361251235
413_IM-0112-0078_anon.png,Median Filter,0.0017560872,0.041905694,27.554539070512213,0.5153543037400459
413_IM-0112-0078_anon.png,NLM Filter,0.0011803629,0.03435641,29.279844856553005,0.48951237695577543
413_IM-0112-0078_anon.png,Wiener Filter,0.0010948270357234056,0.03308817063126043,29.606544866359403,0.497601959427544
40_IM-0118-0002_anon.png,Gaussian Blur,0.0021102524,0.045937482,26.756656723722323,0.5397385841161503
40_IM-0118-0002_anon.png,Bilateral Filter,0.0016497776,0.040617455,27.825746720212713,0.4662208752311545
40_IM-0118-0002_anon.png,Median Filter,0.0018149809,0.04260259,27.411280168088954,0.542812412429862
40_IM-0118-0002_anon.png,NLM Filter,0.0011292537,0.03360437,29.47208472527911,0.5013374767983333
40_IM-0118-0002_anon.png,Wiener Filter,0.0010103762111428843,0.031786415512650754,29.955168876021702,0.5195632616333304
154_IM-0694-0004_anon.png,Gaussian Blur,0.0021766347,0.046654418,26.622144263353384,0.3868428383648262
154_IM-0694-0004_anon.png,Bilateral Filter,0.0022492104,0.04742584,26.47969925835366,0.33110050139981356
154_IM-0694-0004_anon.png,Median Filter,0.0017990582,0.042415306,27.449548423065945,0.4010092265667859
154_IM-0694-0004_anon.png,NLM Filter,0.001395728,0.037359443,28.55199195502928,0.38827465545765333
154_IM-0694-0004_anon.png,Wiener Filter,0.0013272433623379677,0.036431351365794375,28.770494379266825,0.3873303298861047
129_IM-0531-0078_anon.png,Gaussian Blur,0.0019701538,0.044386413,27.054998558156665,0.48528214384268364
129_IM-0531-0078_anon.png,Bilateral Filter,0.0016856423,0.041056573,27.73234643098317,0.424245879086734
129_IM-0531-0078_anon.png,Median Filter,0.0016990491,0.041219525,27.69794020323845,0.48942476712084415
129_IM-0531-0078_anon.png,NLM Filter,0.0012065307,0.03473515,29.184615954226445,0.4547611878916892
129_IM-0531-0078_anon.png,Wiener Filter,0.001077793511963297,0.03282976563978636,29.674644350719838,0.47320666042571613
576_IM-0216-0007_anon.png,Gaussian Blur,0.0017237049,0.041517526,27.635370520151746,0.4822967824836338
576_IM-0216-0007_anon.png,Bilateral Filter,0.0015292632,0.039105795,28.155177416901033,0.4194088159622155
576_IM-0216-0007_anon.png,Median Filter,0.0015690103,0.039610736,28.04374229736402,0.48390720193803427
576_IM-0216-0007_anon.png,NLM Filter,0.0012085756,0.034764573,29.177262583655708,0.4451156871731724
576_IM-0216-0007_anon.png,Wiener Filter,0.0010425376509807867,0.0322883516299731,29.819082516367725,0.46554560999413847
202_IM-0234-0028_anon.png,Gaussian Blur,0.0018795255,0.043353494,27.25951831916217,0.41129908112249525
202_IM-0234-0028_anon.png,Bilateral Filter,0.001694934,0.041169576,27.7084723192549,0.3762660826579941
202_IM-0234-0028_anon.png,Median Filter,0.0016598541,0.040741306,27.799300219631814,0.4140085756718746
202_IM-0234-0028_anon.png,NLM Filter,0.0013156876,0.036272407,28.808472111044807,0.3802957655925047
202_IM-0234-0028_anon.png,Wiener Filter,0.0011521665522150868,0.033943578954127494,29.38484736642271,0.41107643669639254
201_IM-0417-0035_anon.png,Gaussian Blur,0.0019467409,0.044121888,27.106918241719406,0.4970822419527331
201_IM-0417-0035_anon.png,Bilateral Filter,0.001740623,0.041720774,27.592952429472536,0.4373477453238327
201_IM-0417-0035_anon.png,Median Filter,0.001652098,0.04064601,27.819642141046536,0.5006674064668968
201_IM-0417-0035_anon.png,NLM Filter,0.0011998017,0.034638155,29.208905643993507,0.46375679231181677
201_IM-0417-0035_anon.png,Wiener Filter,0.0010718593613118811,0.03273926329824606,29.69862194692763,0.48599435199508756
50_IM-0648-0012_anon.png,Gaussian Blur,0.0020281295,0.04503476,26.92904246084778,0.5085482305872882
50_IM-0648-0012_anon.png,Bilateral Filter,0.0017817736,0.04221106,27.491475233812167,0.44008805912524357
50_IM-0648-0012_anon.png,Median Filter,0.0018093089,0.04253597,27.424872579155874,0.513065943181184
50_IM-0648-0012_anon.png,NLM Filter,0.0011823424,0.034385208,29.272567592633358,0.48357287329939397
50_IM-0648-0012_anon.png,Wiener Filter,0.0010825111881468158,0.032901537777842785,29.65567606359987,0.49391185202154936
319_IM-0198-0028_anon.png,Gaussian Blur,0.0018698511,0.043241777,27.28193012042519,0.3752755435017336
319_IM-0198-0028_anon.png,Bilateral Filter,0.0019425804,0.044074714,27.116209516265933,0.333414959642025
319_IM-0198-0028_anon.png,Median Filter,0.0015847279,0.039808642,28.000453453628374,0.3831264812065815
319_IM-0198-0028_anon.png,NLM Filter,0.0014122978,0.03758055,28.500736921257996,0.356474429277214
319_IM-0198-0028_anon.png,Wiener Filter,0.0012304260356104722,0.03507742914767945,29.099444878463405,0.37816034728477793
190_IM-0185-0000_anon.png,Gaussian Blur,0.0015100064,0.0388588,28.210212241990934,0.38531693181711035
190_IM-0185-0000_anon.png,Bilateral Filter,0.0016009443,0.0400118,27.956238448217036,0.34026522382624647
190_IM-0185-0000_anon.png,Median Filter,0.0014284604,0.037794977,28.451317327485764,0.3906026443126903
190_IM-0185-0000_anon.png,NLM Filter,0.0011793835,0.034342155,29.283450131818256,0.39307947159613427
190_IM-0185-0000_anon.png,Wiener Filter,0.0011342567682798342,0.03367872872125423,29.452886205540647,0.3879225260524945
133_IM-0658-0032_anon.png,Gaussian Blur,0.0019938648,0.04465271,27.00304286819214,0.38768669078743284
133_IM-0658-0032_anon.png,Bilateral Filter,0.0019141792,0.043751333,27.180173946953957,0.3450002201713187
133_IM-0658-0032_anon.png,Median Filter,0.0016987759,0.04121621,27.698638715731438,0.3951845734840027
133_IM-0658-0032_anon.png,NLM Filter,0.0013902338,0.03728584,28.569121497754004,0.37020930586387024
133_IM-0658-0032_anon.png,Wiener Filter,0.0012274554939017608,0.03503506092333451,29.109942459286525,0.38950050249107965
268_IM-0160-0005_anon.png,Gaussian Blur,0.0022018775,0.046924166,26.57206858562995,0.44949488148998273
268_IM-0160-0005_anon.png,Bilateral Filter,0.00182703,0.042743772,27.38254385266607,0.3990216035632318
268_IM-0160-0005_anon.png,Median Filter,0.0019465352,0.044119556,27.107377892991316,0.4553420609205611
268_IM-0160-0005_anon.png,NLM Filter,0.0012630051,0.03553878,28.985948833393063,0.4317021667890231
268_IM-0160-0005_anon.png,Wiener Filter,0.0011553528522213335,0.03399048178860273,29.372853591746452,0.4432182109384421
540_IM-0374-0065_anon.png,Gaussian Blur,0.0018325233,0.04280798,27.369504986325413,0.5367631491557399
540_IM-0374-0065_anon.png,Bilateral Filter,0.001664772,0.04080162,27.786453420917212,0.4727031323302629
540_IM-0374-0065_anon.png,Median Filter,0.0015458177,0.03931689,28.108417506903972,0.5409679048190321
540_IM-0374-0065_anon.png,NLM Filter,0.0011593547,0.0340493,29.35783732806009,0.5055475173448498
540_IM-0374-0065_anon.png,Wiener Filter,0.0010234570726367935,0.031991515635192924,29.89930368446455,0.5261430310731474
345_IM-0724-0028_anon.png,Gaussian Blur,0.0019476624,0.04413233,27.104863672639844,0.48150383727079393
345_IM-0724-0028_anon.png,Bilateral Filter,0.0018038193,0.042471394,27.43806988321164,0.4128863331936617
345_IM-0724-0028_anon.png,Median Filter,0.0016765512,0.04094571,27.755832162301818,0.48869768970581845
345_IM-0724-0028_anon.png,NLM Filter,0.001210599,0.034793664,29.16999722977033,0.46429613315431195
345_IM-0724-0028_anon.png,Wiener Filter,0.0011268772811790454,0.0335689928532127,29.481233767743717,0.4652065087708124
447_IM-0088-8704_anon.png,Gaussian Blur,0.0013950531,0.03735041,28.554092155259102,0.4053697122164874
447_IM-0088-8704_anon.png,Bilateral Filter,0.0016294579,0.040366545,27.8795692510702,0.34899714211929966
447_IM-0088-8704_anon.png,Median Filter,0.0012918212,0.035941914,28.887976076484915,0.41209915310750667
447_IM-0088-8704_anon.png,NLM Filter,0.0011463083,0.033857174,29.406985596848415,0.4116500049166329
447_IM-0088-8704_anon.png,Wiener Filter,0.0011097730337429998,0.033313256126398086,29.54765832269102,0.4050713224823722
178_IM-0857-0007_anon.png,Gaussian Blur,0.0019437135,0.044087566,27.11367792993414,0.4381669450874386
178_IM-0857-0007_anon.png,Bilateral Filter,0.001653017,0.04065731,27.817226662581895,0.3978203280927061
178_IM-0857-0007_anon.png,Median Filter,0.0017196373,0.04146851,27.645631461923887,0.4399012720399299
178_IM-0857-0007_anon.png,NLM Filter,0.00127384,0.035690896,28.948851205369156,0.40151198352617296
178_IM-0857-0007_anon.png,Wiener Filter,0.001101491920190993,0.03318873182559094,29.580186841957705,0.43575232105148953
527_IM-0460-0016_anon.png,Gaussian Blur,0.0016860053,0.041060995,27.731410912610137,0.48630846211766465
527_IM-0460-0016_anon.png,Bilateral Filter,0.0013919943,0.037309438,28.563625615871583,0.4656451029576466
527_IM-0460-0016_anon.png,Median Filter,0.0015383064,0.03922125,28.129572441793805,0.48092577416740945
527_IM-0460-0016_anon.png,NLM Filter,0.0011987821,0.034623433,29.212597871912717,0.4195441110333156
527_IM-0460-0016_anon.png,Wiener Filter,0.0009651223435856961,0.03106641826129456,30.154176298931873,0.49065437424231245
28_IM-0671-0056_anon.png,Gaussian Blur,0.0019180478,0.043795522,27.17140553265981,0.5061372828782106
28_IM-0671-0056_anon.png,Bilateral Filter,0.0017654167,0.042016864,27.53152736312698,0.4386817674285444
28_IM-0671-0056_anon.png,Median Filter,0.0016613684,0.040759888,27.79534111279045,0.5105519668726642
28_IM-0671-0056_anon.png,NLM Filter,0.0011901855,0.034499064,29.243853835827814,0.4796045091718582
28_IM-0671-0056_anon.png,Wiener Filter,0.0010863569365437119,0.03295992925574495,29.640274582624993,0.4907647980395469
32_IM-0464-14592_anon.png,Gaussian Blur,0.0016305326,0.040379852,27.876705286660833,0.3337855271015323
32_IM-0464-14592_anon.png,Bilateral Filter,0.0017768373,0.042152546,27.503524207200915,0.2951970781058206
32_IM-0464-14592_anon.png,Median Filter,0.0015335492,0.039160557,28.1430235290615,0.3398862240818557
32_IM-0464-14592_anon.png,NLM Filter,0.0012579319,0.035467338,29.00342868645965,0.34579914276591994
32_IM-0464-14592_anon.png,Wiener Filter,0.001218697070859315,0.034909842034293356,29.141042326947556,0.34294684057219743
402_IM-0026-0001_anon.png,Gaussian Blur,0.0015966046,0.039957535,27.968026909473664,0.6096791920524666
402_IM-0026-0001_anon.png,Bilateral Filter,0.0015697667,0.03962028,28.041649037207268,0.5450181251850206
402_IM-0026-0001_anon.png,Median Filter,0.00137537,0.03708598,28.6158050647445,0.6098866650267064
402_IM-0026-0001_anon.png,NLM Filter,0.0010374235,0.03220906,29.840439711900103,0.553172481274512
402_IM-0026-0001_anon.png,Wiener Filter,0.0008849955682248832,0.02974887507494835,30.530589041047705,0.5981456369658659
243_IM-0579-0002_anon.png,Gaussian Blur,0.002151057,0.046379488,26.673481193339732,0.39725562293650646
243_IM-0579-0002_anon.png,Bilateral Filter,0.002031267,0.04506958,26.922329952684954,0.3493708487800698
243_IM-0579-0002_anon.png,Median Filter,0.001769877,0.04206991,27.520568825682336,0.40801615656248
243_IM-0579-0002_anon.png,NLM Filter,0.0013896812,0.03727843,28.570848368642938,0.3860567447825627
243_IM-0579-0002_anon.png,Wiener Filter,0.001277508177751061,0.035742246400458116,28.93636311122179,0.39727251225678745
19_IM-0239-0041_anon.png,Gaussian Blur,0.0019555686,0.04422181,27.087269505583073,0.49250754996514495
19_IM-0239-0041_anon.png,Bilateral Filter,0.0019768379,0.044461645,27.04028929217007,0.4052735976928608
19_IM-0239-0041_anon.png,Median Filter,0.0016855209,0.041055094,27.732658596537117,0.5036542796444881
19_IM-0239-0041_anon.png,NLM Filter,0.0012076589,0.034751385,29.180557336699078,0.48540135498173287
19_IM-0239-0041_anon.png,Wiener Filter,0.0011901148447656935,0.034498041172879565,29.24411127648286,0.4723831561990828
588_IM-0896-12288_anon.png,Gaussian Blur,0.0014195777,0.037677284,28.478407666998695,0.3877883342882111
588_IM-0896-12288_anon.png,Bilateral Filter,0.0016187449,0.04023363,27.908215812110782,0.3370325773155153
588_IM-0896-12288_anon.png,Median Filter,0.0013357791,0.036548313,28.742654177406322,0.39345889959036534
588_IM-0896-12288_anon.png,NLM Filter,0.001169892,0.034203686,29.318542846250466,0.39194718497047554
588_IM-0896-12288_anon.png,Wiener Filter,0.001125577546885798,0.033549628118442656,29.48624578829226,0.38746816518419885
407_IM-0055-0009_anon.png,Gaussian Blur,0.0018704401,0.043248586,27.280562321708036,0.4992835032158975
407_IM-0055-0009_anon.png,Bilateral Filter,0.0016974828,0.04120052,27.70194577219226,0.4368260937302348
407_IM-0055-0009_anon.png,Median Filter,0.0016228851,0.040285047,27.897121757233183,0.504601765370786
407_IM-0055-0009_anon.png,NLM Filter,0.0011970021,0.034597717,29.219050879288616,0.4719132410070958
407_IM-0055-0009_anon.png,Wiener Filter,0.0010865117882097144,0.03296227826182096,29.63965557399915,0.48813484920754685
