index,original_image,mask_image,data_split
0,303_IM-0900-0050_anon.png,303_IM-0900-0050_anon.png,Train
1,188_IM-0270-0037_anon.png,188_IM-0270-0037_anon.png,Train
2,334_IM-0845-0012_anon.png,334_IM-0845-0012_anon.png,Train
3,63_IM-0542-0008_anon.png,63_IM-0542-0008_anon.png,Train
4,104_IM-0112-0078_anon.png,104_IM-0112-0078_anon.png,Train
5,356_IM-0572-0038_anon.png,356_IM-0572-0038_anon.png,Train
6,550_IM-0267-0014_anon.png,550_IM-0267-0014_anon.png,Train
7,412_IM-0395-0067_anon.png,412_IM-0395-0067_anon.png,Train
8,134_IM-0111-0012_anon.png,134_IM-0111-0012_anon.png,Train
9,184_IM-0171-0001_anon.png,184_IM-0171-0001_anon.png,Train
10,80_IM-0610-0014_anon.png,80_IM-0610-0014_anon.png,Train
11,402_IM-0372-0052_anon.png,402_IM-0372-0052_anon.png,Train
12,581_IM-0774-0042_anon.png,581_IM-0774-0042_anon.png,Train
13,346_IM-0114-0038_anon.png,346_IM-0114-0038_anon.png,Train
14,74_IM-0525-0018_anon.png,74_IM-0525-0018_anon.png,Train
15,177_IM-0668-0040_anon.png,177_IM-0668-0040_anon.png,Train
16,374_IM-0644-0025_anon.png,374_IM-0644-0025_anon.png,Train
17,132_IM-0115-17408_anon.png,132_IM-0115-17408_anon.png,Train
18,222_IM-0127-0001_anon.png,222_IM-0127-0001_anon.png,Train
19,543_IM-0660-0037_anon.png,543_IM-0660-0037_anon.png,Train
20,429_IM-0918-0005_anon.png,429_IM-0918-0005_anon.png,Train
21,105_IM-0418-0051_anon.png,105_IM-0418-0051_anon.png,Train
22,408_IM-0428-0006_anon.png,408_IM-0428-0006_anon.png,Train
23,450_IM-0037-0018_anon.png,450_IM-0037-0018_anon.png,Train
24,360_IM-0156-1792_anon.png,360_IM-0156-1792_anon.png,Train
25,24_IM-0267-0005-0002_anon.png,24_IM-0267-0005-0002_anon.png,Train
26,281_IM-0001-0001-0002_anon.png,281_IM-0001-0001-0002_anon.png,Train
27,384_IM-0140-1792_anon.png,384_IM-0140-1792_anon.png,Train
28,131_IM-0052-0002_anon.png,131_IM-0052-0002_anon.png,Train
29,426_IM-0371-0037_anon.png,426_IM-0371-0037_anon.png,Train
30,159_IM-0215-0035_anon.png,159_IM-0215-0035_anon.png,Train
31,459_IM-0798-0007_anon.png,459_IM-0798-0007_anon.png,Train
32,78_IM-0085-0053_anon.png,78_IM-0085-0053_anon.png,Train
33,468_IM-0748-0011_anon.png,468_IM-0748-0011_anon.png,Train
34,526_IM-0313-0002_anon.png,526_IM-0313-0002_anon.png,Train
35,117_IM-0149-0055_anon.png,117_IM-0149-0055_anon.png,Train
36,248_IM-0682-0001_anon.png,248_IM-0682-0001_anon.png,Train
37,418_IM-0760-0020_anon.png,418_IM-0760-0020_anon.png,Train
38,192_IM-0628-0003-0002_anon.png,192_IM-0628-0003-0002_anon.png,Train
39,375_IM-0136-0048_anon.png,375_IM-0136-0048_anon.png,Train
40,382_IM-0226-0052_anon.png,382_IM-0226-0052_anon.png,Train
41,176_IM-0395-0010_anon.png,176_IM-0395-0010_anon.png,Train
42,592_IM-0147-0037_anon.png,592_IM-0147-0037_anon.png,Train
43,223_IM-0076-10240_anon.png,223_IM-0076-10240_anon.png,Train
44,294_IM-0048-15872_anon.png,294_IM-0048-15872_anon.png,Train
45,353_IM-0636-0020_anon.png,353_IM-0636-0020_anon.png,Train
46,23_IM-0175-0047_anon.png,23_IM-0175-0047_anon.png,Train
47,424_IM-0818-0052_anon.png,424_IM-0818-0052_anon.png,Train
48,47_IM-0070-0003_anon.png,47_IM-0070-0003_anon.png,Train
49,9_IM-0424-0037_anon.png,9_IM-0424-0037_anon.png,Train
50,137_IM-0008-9984_anon.png,137_IM-0008-9984_anon.png,Train
51,20_IM-0861-0005_anon.png,20_IM-0861-0005_anon.png,Train
52,273_IM-0411-0058_anon.png,273_IM-0411-0058_anon.png,Train
53,239_IM-0615-0072_anon.png,239_IM-0615-0072_anon.png,Train
54,508_IM-0778-0026_anon.png,508_IM-0778-0026_anon.png,Train
55,420_IM-0078-0070_anon.png,420_IM-0078-0070_anon.png,Train
56,56_IM-0275-0001_anon.png,56_IM-0275-0001_anon.png,Train
57,54_IM-0039-0007_anon.png,54_IM-0039-0007_anon.png,Train
58,277_IM-0789-0052_anon.png,277_IM-0789-0052_anon.png,Train
59,58_IM-0017-6656_anon.png,58_IM-0017-6656_anon.png,Train
60,453_IM-0187-0044_anon.png,453_IM-0187-0044_anon.png,Train
61,150_IM-0469-0037_anon.png,150_IM-0469-0037_anon.png,Train
62,363_IM-0942-5376_anon.png,363_IM-0942-5376_anon.png,Train
63,73_IM-0851-0256-0001_anon.png,73_IM-0851-0256-0001_anon.png,Train
64,266_IM-0062-0037_anon.png,266_IM-0062-0037_anon.png,Train
65,335_IM-0039-1792_anon.png,335_IM-0039-1792_anon.png,Train
66,469_IM-0173-0004_anon.png,469_IM-0173-0004_anon.png,Train
67,627_IM-0211-0071_anon.png,627_IM-0211-0071_anon.png,Train
68,79_IM-0512-0001-0001_anon.png,79_IM-0512-0001-0001_anon.png,Train
69,279_IM-0238-0014_anon.png,279_IM-0238-0014_anon.png,Train
70,31_IM-0399-0069_anon.png,31_IM-0399-0069_anon.png,Train
71,263_IM-0680-0035_anon.png,263_IM-0680-0035_anon.png,Train
72,89_IM-0086-0018_anon.png,89_IM-0086-0018_anon.png,Train
73,340_IM-0944-0065_anon.png,340_IM-0944-0065_anon.png,Train
74,110_IM-0026-0001_anon.png,110_IM-0026-0001_anon.png,Train
75,362_IM-0017-0006_anon.png,362_IM-0017-0006_anon.png,Train
76,305_IM-0793-0009_anon.png,305_IM-0793-0009_anon.png,Train
77,138_IM-0235-0045_anon.png,138_IM-0235-0045_anon.png,Train
78,306_IM-0111-0016_anon.png,306_IM-0111-0016_anon.png,Train
79,71_IM-0938-5120_anon.png,71_IM-0938-5120_anon.png,Train
80,297_IM-0308-0006_anon.png,297_IM-0308-0006_anon.png,Train
81,344_IM-0436-0048_anon.png,344_IM-0436-0048_anon.png,Train
82,503_IM-0692-0036_anon.png,503_IM-0692-0036_anon.png,Train
83,302_IM-0073-0008_anon.png,302_IM-0073-0008_anon.png,Train
84,247_IM-0265-0048_anon.png,247_IM-0265-0048_anon.png,Train
85,198_IM-0410-0023_anon.png,198_IM-0410-0023_anon.png,Train
86,164_IM-0055-0002_anon.png,164_IM-0055-0002_anon.png,Train
87,577_IM-0478-0003_anon.png,577_IM-0478-0003_anon.png,Train
88,102_IM-0262-0010_anon.png,102_IM-0262-0010_anon.png,Train
89,449_IM-0051-2816_anon.png,449_IM-0051-2816_anon.png,Train
90,483_IM-0331-0012_anon.png,483_IM-0331-0012_anon.png,Train
91,179_IM-0787-0013_anon.png,179_IM-0787-0013_anon.png,Train
92,419_IM-0885-0031_anon.png,419_IM-0885-0031_anon.png,Train
93,87_IM-0016-0008_anon.png,87_IM-0016-0008_anon.png,Train
94,444_IM-0201-0018_anon.png,444_IM-0201-0018_anon.png,Train
95,484_IM-0421-0005_anon.png,484_IM-0421-0005_anon.png,Train
96,202_IM-0234-0013_anon.png,202_IM-0234-0013_anon.png,Train
97,182_IM-0095-0001_anon.png,182_IM-0095-0001_anon.png,Train
98,83_IM-0481-0001_anon.png,83_IM-0481-0001_anon.png,Train
99,479_IM-0920-1793_anon.png,479_IM-0920-1793_anon.png,Train
100,249_IM-0589-0014_anon.png,249_IM-0589-0014_anon.png,Train
101,270_IM-0058-0003_anon.png,270_IM-0058-0003_anon.png,Train
102,212_IM-0217-0057_anon.png,212_IM-0217-0057_anon.png,Train
103,233_IM-0898-11008_anon.png,233_IM-0898-11008_anon.png,Train
104,388_IM-0132-0012_anon.png,388_IM-0132-0012_anon.png,Train
105,385_IM-0591-0001_anon.png,385_IM-0591-0001_anon.png,Train
106,320_IM-0408-2048_anon.png,320_IM-0408-2048_anon.png,Train
107,82_IM-0440-0001_anon.png,82_IM-0440-0001_anon.png,Train
108,460_IM-0434-0008_anon.png,460_IM-0434-0008_anon.png,Train
109,409_IM-0916-0050_anon.png,409_IM-0916-0050_anon.png,Train
110,199_IM-0094-0019_anon.png,199_IM-0094-0019_anon.png,Train
111,244_IM-0718-0010_anon.png,244_IM-0718-0010_anon.png,Train
112,292_IM-0131-0004_anon.png,292_IM-0131-0004_anon.png,Train
113,108_IM-0831-0005_anon.png,108_IM-0831-0005_anon.png,Train
114,7_IM-0622-0020_anon.png,7_IM-0622-0020_anon.png,Train
115,312_IM-0091-0063_anon.png,312_IM-0091-0063_anon.png,Train
116,399_IM-0052-0007_anon.png,399_IM-0052-0007_anon.png,Train
117,398_IM-0064-0009_anon.png,398_IM-0064-0009_anon.png,Train
118,518_IM-0214-0049_anon.png,518_IM-0214-0049_anon.png,Train
119,408_IM-0885-0031_anon.png,408_IM-0885-0031_anon.png,Train
120,275_IM-0287-0016_anon.png,275_IM-0287-0016_anon.png,Train
121,65_IM-0554-0025_anon.png,65_IM-0554-0025_anon.png,Train
122,476_IM-0205-0033_anon.png,476_IM-0205-0033_anon.png,Train
123,591_IM-0066-0256_anon.png,591_IM-0066-0256_anon.png,Train
124,86_IM-0245-0003_anon.png,86_IM-0245-0003_anon.png,Train
125,451_IM-0031-0076_anon.png,451_IM-0031-0076_anon.png,Train
126,440_IM-0404-0047_anon.png,440_IM-0404-0047_anon.png,Train
127,145_IM-0003-0022_anon.png,145_IM-0003-0022_anon.png,Train
128,235_IM-0914-0039_anon.png,235_IM-0914-0039_anon.png,Train
129,15_IM-0042-0051_anon.png,15_IM-0042-0051_anon.png,Train
130,55_IM-0311-0003_anon.png,55_IM-0311-0003_anon.png,Train
131,405_IM-0146-0002_anon.png,405_IM-0146-0002_anon.png,Train
132,414_IM-0026-0001_anon.png,414_IM-0026-0001_anon.png,Train
133,62_IM-0488-0007-0002_anon.png,62_IM-0488-0007-0002_anon.png,Train
134,389_IM-0057-0013_anon.png,389_IM-0057-0013_anon.png,Train
135,121_IM-0084-0066_anon.png,121_IM-0084-0066_anon.png,Train
136,512_IM-0802-0256_anon.png,512_IM-0802-0256_anon.png,Train
137,416_IM-0467-0021_anon.png,416_IM-0467-0021_anon.png,Train
138,594_IM-0250-0049_anon.png,594_IM-0250-0049_anon.png,Train
139,167_IM-0005-0006_anon.png,167_IM-0005-0006_anon.png,Train
140,231_IM-0044-0003_anon.png,231_IM-0044-0003_anon.png,Train
141,536_IM-0043-0006_anon.png,536_IM-0043-0006_anon.png,Train
142,614_IM-0061-0036_anon.png,614_IM-0061-0036_anon.png,Train
143,162_IM-0396-0039_anon.png,162_IM-0396-0039_anon.png,Train
144,186_IM-0064-0040_anon.png,186_IM-0064-0040_anon.png,Train
145,153_IM-0540-0002_anon.png,153_IM-0540-0002_anon.png,Train
146,580_IM-0253-0039_anon.png,580_IM-0253-0039_anon.png,Train
147,92_IM-0519-0001_anon.png,92_IM-0519-0001_anon.png,Train
148,258_IM-0278-0057_anon.png,258_IM-0278-0057_anon.png,Train
149,25_IM-0436-0020_anon.png,25_IM-0436-0020_anon.png,Train
150,220_IM-0712-0068_anon.png,220_IM-0712-0068_anon.png,Train
151,400_IM-0160-1024_anon.png,400_IM-0160-1024_anon.png,Train
152,531_IM-0208-0018_anon.png,531_IM-0208-0018_anon.png,Train
153,64_IM-0009-0001_anon.png,64_IM-0009-0001_anon.png,Train
154,33_IM-0309-0045_anon.png,33_IM-0309-0045_anon.png,Train
155,267_IM-0405-0005_anon.png,267_IM-0405-0005_anon.png,Train
156,255_IM-0603-0002_anon.png,255_IM-0603-0002_anon.png,Train
157,101_IM-0027-0028_anon.png,101_IM-0027-0028_anon.png,Train
158,115_IM-0474-0001-0002_anon.png,115_IM-0474-0001-0002_anon.png,Train
159,338_IM-0143-8704_anon.png,338_IM-0143-8704_anon.png,Train
160,38_IM-0361-0018_anon.png,38_IM-0361-0018_anon.png,Train
161,165_IM-0019-0001_anon.png,165_IM-0019-0001_anon.png,Train
162,520_IM-0082-0016_anon.png,520_IM-0082-0016_anon.png,Train
163,42_IM-0544-0019_anon.png,42_IM-0544-0019_anon.png,Train
164,349_IM-0144-0020_anon.png,349_IM-0144-0020_anon.png,Train
165,421_IM-0386-0050_anon.png,421_IM-0386-0050_anon.png,Train
166,307_IM-0044-0017_anon.png,307_IM-0044-0017_anon.png,Train
167,6_IM-0148-0007_anon.png,6_IM-0148-0007_anon.png,Train
168,157_IM-0193-2816_anon.png,157_IM-0193-2816_anon.png,Train
169,309_IM-0930-0008_anon.png,309_IM-0930-0008_anon.png,Train
170,226_IM-0209-0022_anon.png,226_IM-0209-0022_anon.png,Train
171,236_IM-0427-1792_anon.png,236_IM-0427-1792_anon.png,Train
172,46_IM-0102-0045_anon.png,46_IM-0102-0045_anon.png,Train
173,264_IM-0144-0017_anon.png,264_IM-0144-0017_anon.png,Train
174,575_IM-0780-0024_anon.png,575_IM-0780-0024_anon.png,Train
175,287_IM-0507-0035_anon.png,287_IM-0507-0035_anon.png,Train
176,251_IM-0003-0004_anon.png,251_IM-0003-0004_anon.png,Train
177,396_IM-0431-0037_anon.png,396_IM-0431-0037_anon.png,Train
178,456_IM-0090-0054_anon.png,456_IM-0090-0054_anon.png,Train
179,524_IM-0105-0055_anon.png,524_IM-0105-0055_anon.png,Train
180,61_IM-0241-0026_anon.png,61_IM-0241-0026_anon.png,Train
181,237_IM-0795-0012_anon.png,237_IM-0795-0012_anon.png,Train
182,603_IM-0820-0004_anon.png,603_IM-0820-0004_anon.png,Train
183,195_IM-0236-0004_anon.png,195_IM-0236-0004_anon.png,Train
184,348_IM-0466-0008_anon.png,348_IM-0466-0008_anon.png,Train
185,70_IM-0068-0048_anon.png,70_IM-0068-0048_anon.png,Train
186,45_IM-0050-0062_anon.png,45_IM-0050-0062_anon.png,Train
187,435_IM-0146-0256_anon.png,435_IM-0146-0256_anon.png,Train
188,113_IM-0536-0008_anon.png,113_IM-0536-0008_anon.png,Train
189,69_IM-0024-0064_anon.png,69_IM-0024-0064_anon.png,Train
190,117_IM-0149-0027_anon.png,117_IM-0149-0027_anon.png,Train
191,221_IM-0148-0018_anon.png,221_IM-0148-0018_anon.png,Train
192,295_IM-0227-0054_anon.png,295_IM-0227-0054_anon.png,Train
193,504_IM-0338-0035_anon.png,504_IM-0338-0035_anon.png,Train
194,406_IM-0068-0078_anon.png,406_IM-0068-0078_anon.png,Train
195,462_IM-0737-0037_anon.png,462_IM-0737-0037_anon.png,Train
196,415_IM-0116-0010_anon.png,415_IM-0116-0010_anon.png,Train
197,242_IM-0007-0001_anon.png,242_IM-0007-0001_anon.png,Train
198,339_IM-0758-0049_anon.png,339_IM-0758-0049_anon.png,Train
199,599_IM-0055-0009_anon.png,599_IM-0055-0009_anon.png,Train
200,600_IM-0129-0002_anon.png,600_IM-0129-0002_anon.png,Train
201,405_IM-0115-17408_anon.png,405_IM-0115-17408_anon.png,Train
202,95_IM-0269-0003_anon.png,95_IM-0269-0003_anon.png,Train
203,407_IM-0768-0016_anon.png,407_IM-0768-0016_anon.png,Train
204,285_IM-0083-0002_anon.png,285_IM-0083-0002_anon.png,Train
205,596_IM-0464-0012_anon.png,596_IM-0464-0012_anon.png,Train
206,110_IM-0026-0005_anon.png,110_IM-0026-0005_anon.png,Train
207,35_IM-0879-0001-0001_anon.png,35_IM-0879-0001-0001_anon.png,Train
208,164_IM-0055-0009_anon.png,164_IM-0055-0009_anon.png,Train
209,372_IM-0089-0035_anon.png,372_IM-0089-0035_anon.png,Train
210,132_IM-0115-9216_anon.png,132_IM-0115-9216_anon.png,Train
211,329_IM-0214-0013_anon.png,329_IM-0214-0013_anon.png,Train
212,66_IM-0426-0017_anon.png,66_IM-0426-0017_anon.png,Train
213,387_IM-0265-0001_anon.png,387_IM-0265-0001_anon.png,Train
214,351_IM-0001-0032_anon.png,351_IM-0001-0032_anon.png,Train
215,325_IM-0336-0046_anon.png,325_IM-0336-0046_anon.png,Train
216,284_IM-0021-0001_anon.png,284_IM-0021-0001_anon.png,Train
217,274_IM-0426-0031_anon.png,274_IM-0426-0031_anon.png,Train
218,404_IM-0084-0022_anon.png,404_IM-0084-0022_anon.png,Train
219,502_IM-0804-0512_anon.png,502_IM-0804-0512_anon.png,Train
220,598_IM-0059-0015_anon.png,598_IM-0059-0015_anon.png,Train
221,448_IM-0076-0006_anon.png,448_IM-0076-0006_anon.png,Train
222,296_IM-0033-0054_anon.png,296_IM-0033-0054_anon.png,Train
223,395_IM-0560-0012_anon.png,395_IM-0560-0012_anon.png,Train
224,191_IM-0466-0041_anon.png,191_IM-0466-0041_anon.png,Train
225,422_IM-0084-0022_anon.png,422_IM-0084-0022_anon.png,Train
226,357_IM-0655-0038_anon.png,357_IM-0655-0038_anon.png,Train
227,623_IM-0007-0005_anon.png,623_IM-0007-0005_anon.png,Train
228,111_IM-0490-0016_anon.png,111_IM-0490-0016_anon.png,Train
229,403_IM-0149-0027_anon.png,403_IM-0149-0027_anon.png,Train
230,315_IM-0025-0019-0003_anon.png,315_IM-0025-0019-0003_anon.png,Train
231,439_IM-0264-0005_anon.png,439_IM-0264-0005_anon.png,Train
232,567_IM-0688-0060_anon.png,567_IM-0688-0060_anon.png,Train
233,477_IM-0244-0029_anon.png,477_IM-0244-0029_anon.png,Train
234,93_IM-0086-0049_anon.png,93_IM-0086-0049_anon.png,Train
235,135_IM-0132-0054_anon.png,135_IM-0132-0054_anon.png,Train
236,151_IM-0023-0006_anon.png,151_IM-0023-0006_anon.png,Train
237,311_IM-0011-0049_anon.png,311_IM-0011-0049_anon.png,Train
238,289_IM-0207-8192_anon.png,289_IM-0207-8192_anon.png,Train
239,332_IM-0385-0046_anon.png,332_IM-0385-0046_anon.png,Train
240,59_IM-0936-0014_anon.png,59_IM-0936-0014_anon.png,Train
241,392_IM-0664-0043_anon.png,392_IM-0664-0043_anon.png,Train
242,308_IM-0165-0041_anon.png,308_IM-0165-0041_anon.png,Train
243,547_IM-0100-0036_anon.png,547_IM-0100-0036_anon.png,Train
244,538_IM-0064-0037_anon.png,538_IM-0064-0037_anon.png,Train
245,10_IM-0415-0078_anon.png,10_IM-0415-0078_anon.png,Train
246,99_IM-0455-0001_anon.png,99_IM-0455-0001_anon.png,Train
247,232_IM-0552-0085_anon.png,232_IM-0552-0085_anon.png,Train
248,490_IM-0290-0001_anon.png,490_IM-0290-0001_anon.png,Train
249,494_IM-0176-0012_anon.png,494_IM-0176-0012_anon.png,Train
250,361_IM-0015-0046_anon.png,361_IM-0015-0046_anon.png,Train
251,203_IM-0091-0037_anon.png,203_IM-0091-0037_anon.png,Train
252,116_IM-0407-0048_anon.png,116_IM-0407-0048_anon.png,Train
253,441_IM-0050-0005_anon.png,441_IM-0050-0005_anon.png,Train
254,88_IM-0263-0006_anon.png,88_IM-0263-0006_anon.png,Train
255,400_IM-0262-0009_anon.png,400_IM-0262-0009_anon.png,Train
256,549_IM-0297-0046_anon.png,549_IM-0297-0046_anon.png,Train
257,497_IM-0134-1024_anon.png,497_IM-0134-1024_anon.png,Train
258,185_IM-0270-0000_anon.png,185_IM-0270-0000_anon.png,Train
259,557_IM-0452-0018_anon.png,557_IM-0452-0018_anon.png,Train
260,49_IM-0301-0017_anon.png,49_IM-0301-0017_anon.png,Train
261,324_IM-0231-0025_anon.png,324_IM-0231-0025_anon.png,Train
262,373_IM-0355-0004_anon.png,373_IM-0355-0004_anon.png,Train
263,601_IM-0731-0034_anon.png,601_IM-0731-0034_anon.png,Train
264,219_IM-0061-0002_anon.png,219_IM-0061-0002_anon.png,Train
265,147_IM-0010-0029_anon.png,147_IM-0010-0029_anon.png,Train
266,397_IM-0041-11008_anon.png,397_IM-0041-11008_anon.png,Train
267,300_IM-0386-0048_anon.png,300_IM-0386-0048_anon.png,Train
268,127_IM-0676-0025_anon.png,127_IM-0676-0025_anon.png,Train
269,142_IM-0068-0078_anon.png,142_IM-0068-0078_anon.png,Train
270,85_IM-0305-0001_anon.png,85_IM-0305-0001_anon.png,Train
271,466_IM-0906-5376_anon.png,466_IM-0906-5376_anon.png,Train
272,304_IM-0199-0071_anon.png,304_IM-0199-0071_anon.png,Train
273,608_IM-0882-0008_anon.png,608_IM-0882-0008_anon.png,Train
274,607_IM-0577-0054_anon.png,607_IM-0577-0054_anon.png,Train
275,314_IM-0122-0002_anon.png,314_IM-0122-0002_anon.png,Train
276,67_IM-0345-0008_anon.png,67_IM-0345-0008_anon.png,Train
277,140_IM-0392-0022_anon.png,140_IM-0392-0022_anon.png,Train
278,18_IM-0098-7936_anon.png,18_IM-0098-7936_anon.png,Train
279,303_IM-0900-0012_anon.png,303_IM-0900-0012_anon.png,Train
280,612_IM-0782-0048_anon.png,612_IM-0782-0048_anon.png,Train
281,216_IM-0599-0020_anon.png,216_IM-0599-0020_anon.png,Train
282,336_IM-0865-0044_anon.png,336_IM-0865-0044_anon.png,Train
283,158_IM-0046-0019_anon.png,158_IM-0046-0019_anon.png,Train
284,403_IM-0828-0003_anon.png,403_IM-0828-0003_anon.png,Train
285,200_IM-0186-0002_anon.png,200_IM-0186-0002_anon.png,Train
286,53_IM-0054-0020_anon.png,53_IM-0054-0020_anon.png,Train
287,585_IM-0716-0050_anon.png,585_IM-0716-0050_anon.png,Train
288,213_IM-0261-0002_anon.png,213_IM-0261-0002_anon.png,Train
289,358_IM-0080-10496_anon.png,358_IM-0080-10496_anon.png,Train
290,391_IM-0009-0005_anon.png,391_IM-0009-0005_anon.png,Train
291,265_IM-0869-0000_anon.png,265_IM-0869-0000_anon.png,Train
292,610_IM-0787-0013_anon.png,610_IM-0787-0013_anon.png,Train
293,12_IM-0464-17664_anon.png,12_IM-0464-17664_anon.png,Train
294,491_IM-0321-0002_anon.png,491_IM-0321-0002_anon.png,Train
295,8_IM-0088-0002_anon.png,8_IM-0088-0002_anon.png,Train
296,564_IM-0096-0002_anon.png,564_IM-0096-0002_anon.png,Train
297,102_IM-0262-0009_anon.png,102_IM-0262-0009_anon.png,Train
298,486_IM-0743-0057_anon.png,486_IM-0743-0057_anon.png,Train
299,534_IM-0025-0001_anon.png,534_IM-0025-0001_anon.png,Train
300,605_IM-0243-0034_anon.png,605_IM-0243-0034_anon.png,Train
301,107_IM-0250-0022_anon.png,107_IM-0250-0022_anon.png,Train
302,269_IM-0213-0002_anon.png,269_IM-0213-0002_anon.png,Train
303,470_IM-0140-0054_anon.png,470_IM-0140-0054_anon.png,Train
304,205_IM-0138-0040_anon.png,205_IM-0138-0040_anon.png,Train
305,499_IM-0265-0002_anon.png,499_IM-0265-0002_anon.png,Train
306,152_IM-0047-0021_anon.png,152_IM-0047-0021_anon.png,Train
307,327_IM-0304-0007_anon.png,327_IM-0304-0007_anon.png,Train
308,359_IM-0092-0006_anon.png,359_IM-0092-0006_anon.png,Train
309,318_IM-0366-0005_anon.png,318_IM-0366-0005_anon.png,Train
310,428_IM-0633-0039_anon.png,428_IM-0633-0039_anon.png,Train
311,489_IM-0243-0512_anon.png,489_IM-0243-0512_anon.png,Train
312,252_IM-0438-0001_anon.png,252_IM-0438-0001_anon.png,Train
313,194_IM-0470-0010_anon.png,194_IM-0470-0010_anon.png,Train
314,573_IM-0121-4864_anon.png,573_IM-0121-4864_anon.png,Train
315,511_IM-0041-0020_anon.png,511_IM-0041-0020_anon.png,Train
316,492_IM-0010-0023_anon.png,492_IM-0010-0023_anon.png,Train
317,401_IM-0112-0078_anon.png,401_IM-0112-0078_anon.png,Train
318,464_IM-0170-0001_anon.png,464_IM-0170-0001_anon.png,Train
319,500_IM-0115-17408_anon.png,500_IM-0115-17408_anon.png,Train
320,175_IM-0922-1024_anon.png,175_IM-0922-1024_anon.png,Train
321,98_IM-0071-0042_anon.png,98_IM-0071-0042_anon.png,Train
322,337_IM-0136-1792_anon.png,337_IM-0136-1792_anon.png,Train
323,156_IM-0209-0052_anon.png,156_IM-0209-0052_anon.png,Train
324,155_IM-0132-0002_anon.png,155_IM-0132-0002_anon.png,Train
325,366_IM-0164-2560_anon.png,366_IM-0164-2560_anon.png,Train
326,618_IM-0353-0008_anon.png,618_IM-0353-0008_anon.png,Train
327,341_IM-0058-0067_anon.png,341_IM-0058-0067_anon.png,Train
328,136_IM-0343-0009_anon.png,136_IM-0343-0009_anon.png,Train
329,595_IM-0142-0050_anon.png,595_IM-0142-0050_anon.png,Train
330,519_IM-0022-0001_anon.png,519_IM-0022-0001_anon.png,Train
331,215_IM-0450-0009_anon.png,215_IM-0450-0009_anon.png,Train
332,125_IM-0277-0039_anon.png,125_IM-0277-0039_anon.png,Train
333,214_IM-0387-0003-0001_anon.png,214_IM-0387-0003-0001_anon.png,Train
334,250_IM-0084-0004_anon.png,250_IM-0084-0004_anon.png,Train
335,597_IM-0126-0047_anon.png,597_IM-0126-0047_anon.png,Train
336,44_IM-0001-0012_anon.png,44_IM-0001-0012_anon.png,Train
337,106_IM-0451-0008_anon.png,106_IM-0451-0008_anon.png,Train
338,96_IM-0154-0011_anon.png,96_IM-0154-0011_anon.png,Train
339,260_IM-0093-0052_anon.png,260_IM-0093-0052_anon.png,Train
340,3_IM-0359-0014_anon.png,3_IM-0359-0014_anon.png,Train
341,100_IM-0246-0030_anon.png,100_IM-0246-0030_anon.png,Train
342,365_IM-0072-0039_anon.png,365_IM-0072-0039_anon.png,Train
343,36_IM-0910-0001_anon.png,36_IM-0910-0001_anon.png,Train
344,172_IM-0311-0015_anon.png,172_IM-0311-0015_anon.png,Train
345,288_IM-0030-4096_anon.png,288_IM-0030-4096_anon.png,Train
346,481_IM-0032-0008_anon.png,481_IM-0032-0008_anon.png,Train
347,193_IM-0126-0011_anon.png,193_IM-0126-0011_anon.png,Train
348,563_IM-0435-0006_anon.png,563_IM-0435-0006_anon.png,Train
349,43_IM-0800-0003_anon.png,43_IM-0800-0003_anon.png,Train
350,546_IM-0117-6400_anon.png,546_IM-0117-6400_anon.png,Train
351,246_IM-0328-0010_anon.png,246_IM-0328-0010_anon.png,Train
352,406_IM-0401-1280_anon.png,406_IM-0401-1280_anon.png,Train
353,146_IM-0058-10752_anon.png,146_IM-0058-10752_anon.png,Train
354,354_IM-0512-0038_anon.png,354_IM-0512-0038_anon.png,Train
355,183_IM-0486-0004_anon.png,183_IM-0486-0004_anon.png,Train
356,350_IM-0039-0001_anon.png,350_IM-0039-0001_anon.png,Train
357,493_IM-0137-0005_anon.png,493_IM-0137-0005_anon.png,Train
358,100_IM-0246-0082_anon.png,100_IM-0246-0082_anon.png,Train
359,81_IM-0925-0015_anon.png,81_IM-0925-0015_anon.png,Train
360,170_IM-0722-0043_anon.png,170_IM-0722-0043_anon.png,Train
361,316_IM-0281-0040_anon.png,316_IM-0281-0040_anon.png,Train
362,611_IM-0029-0025_anon.png,611_IM-0029-0025_anon.png,Train
363,149_IM-0187-0007_anon.png,149_IM-0187-0007_anon.png,Train
364,76_IM-0505-0010_anon.png,76_IM-0505-0010_anon.png,Train
365,410_IM-0344-0041_anon.png,410_IM-0344-0041_anon.png,Train
366,572_IM-0007-0003_anon.png,572_IM-0007-0003_anon.png,Train
367,621_IM-0223-0069_anon.png,621_IM-0223-0069_anon.png,Train
368,569_IM-0666-0015_anon.png,569_IM-0666-0015_anon.png,Train
369,14_IM-0699-0002_anon.png,14_IM-0699-0002_anon.png,Train
370,457_IM-0068-0078_anon.png,457_IM-0068-0078_anon.png,Train
371,474_IM-0403-0034_anon.png,474_IM-0403-0034_anon.png,Train
372,103_IM-0714-0081_anon.png,103_IM-0714-0081_anon.png,Train
373,379_IM-0167-0015_anon.png,379_IM-0167-0015_anon.png,Validation
374,21_IM-0046-0035_anon.png,21_IM-0046-0035_anon.png,Validation
375,364_IM-0080-0001_anon.png,364_IM-0080-0001_anon.png,Validation
376,333_IM-0011-0012_anon.png,333_IM-0011-0012_anon.png,Validation
377,498_IM-0453-0017_anon.png,498_IM-0453-0017_anon.png,Validation
378,291_IM-0708-0047_anon.png,291_IM-0708-0047_anon.png,Validation
379,293_IM-0101-0036_anon.png,293_IM-0101-0036_anon.png,Validation
380,90_IM-0094-0006_anon.png,90_IM-0094-0006_anon.png,Validation
381,39_IM-0013-0004_anon.png,39_IM-0013-0004_anon.png,Validation
382,77_IM-0180-0007_anon.png,77_IM-0180-0007_anon.png,Validation
383,430_IM-0482-0005_anon.png,430_IM-0482-0005_anon.png,Validation
384,171_IM-0448-0050_anon.png,171_IM-0448-0050_anon.png,Validation
385,60_IM-0296-0102_anon.png,60_IM-0296-0102_anon.png,Validation
386,169_IM-0885-0031_anon.png,169_IM-0885-0031_anon.png,Validation
387,148_IM-0259-0004_anon.png,148_IM-0259-0004_anon.png,Validation
388,11_IM-0288-0017-0002_anon.png,11_IM-0288-0017-0002_anon.png,Validation
389,478_IM-0337-0008-0001_anon.png,478_IM-0337-0008-0001_anon.png,Validation
390,139_IM-0323-0015_anon.png,139_IM-0323-0015_anon.png,Validation
391,347_IM-0843-2816_anon.png,347_IM-0843-2816_anon.png,Validation
392,355_IM-0208-0001_anon.png,355_IM-0208-0001_anon.png,Validation
393,160_IM-0169-0032_anon.png,160_IM-0169-0032_anon.png,Validation
394,91_IM-0420-0050_anon.png,91_IM-0420-0050_anon.png,Validation
395,604_IM-0847-13312_anon.png,604_IM-0847-13312_anon.png,Validation
396,29_IM-0273-0011_anon.png,29_IM-0273-0011_anon.png,Validation
397,393_IM-0218-0011_anon.png,393_IM-0218-0011_anon.png,Validation
398,313_IM-0220-0017_anon.png,313_IM-0220-0017_anon.png,Validation
399,394_IM-0074-0006_anon.png,394_IM-0074-0006_anon.png,Validation
400,473_IM-0626-0025_anon.png,473_IM-0626-0025_anon.png,Test
401,227_IM-0195-0006_anon.png,227_IM-0195-0006_anon.png,Test
402,369_IM-0462-0004_anon.png,369_IM-0462-0004_anon.png,Test
403,383_IM-0317-0010_anon.png,383_IM-0317-0010_anon.png,Test
404,472_IM-0155-0010_anon.png,472_IM-0155-0010_anon.png,Test
405,218_IM-0036-0001_anon.png,218_IM-0036-0001_anon.png,Test
406,161_IM-0496-0003_anon.png,161_IM-0496-0003_anon.png,Test
407,630_IM-0254-0013_anon.png,630_IM-0254-0013_anon.png,Test
408,163_IM-0638-6400_anon.png,163_IM-0638-6400_anon.png,Test
409,32_IM-0464-14592_anon.png,32_IM-0464-14592_anon.png,Test
410,411_IM-0727-0028_anon.png,411_IM-0727-0028_anon.png,Test
411,298_IM-0257-0001_anon.png,298_IM-0257-0001_anon.png,Test
412,34_IM-0359-0004-0002_anon.png,34_IM-0359-0004-0002_anon.png,Test
413,417_IM-0149-0027_anon.png,417_IM-0149-0027_anon.png,Test
414,51_IM-0419-1280_anon.png,51_IM-0419-1280_anon.png,Test
415,525_IM-0550-0042_anon.png,525_IM-0550-0042_anon.png,Test
416,455_IM-0048-0045_anon.png,455_IM-0048-0045_anon.png,Test
417,386_IM-0229-0013_anon.png,386_IM-0229-0013_anon.png,Test
418,1_IM-0001-0059_anon.png,1_IM-0001-0059_anon.png,Test
419,129_IM-0531-0078_anon.png,129_IM-0531-0078_anon.png,Test
420,22_IM-0038-0004_anon.png,22_IM-0038-0004_anon.png,Test
421,2_IM-0383-0001_anon.png,2_IM-0383-0001_anon.png,Test
422,256_IM-0130-6912_anon.png,256_IM-0130-6912_anon.png,Test
423,50_IM-0648-0012_anon.png,50_IM-0648-0012_anon.png,Test
424,112_IM-0503-0038_anon.png,112_IM-0503-0038_anon.png,Test
425,523_IM-0135-0066_anon.png,523_IM-0135-0066_anon.png,Test
426,208_IM-0094-5376_anon.png,208_IM-0094-5376_anon.png,Test
427,124_IM-0005-0003_anon.png,124_IM-0005-0003_anon.png,Test
428,48_IM-0751-0006_anon.png,48_IM-0751-0006_anon.png,Test
429,485_IM-0391-1024_anon.png,485_IM-0391-1024_anon.png,Test
430,262_IM-0028-11264_anon.png,262_IM-0028-11264_anon.png,Test
431,433_IM-0469-0014_anon.png,433_IM-0469-0014_anon.png,Test
432,202_IM-0234-0028_anon.png,202_IM-0234-0028_anon.png,Test
433,381_IM-0156-0005_anon.png,381_IM-0156-0005_anon.png,Test
434,436_IM-0015-0032_anon.png,436_IM-0015-0032_anon.png,Test
435,40_IM-0118-0002_anon.png,40_IM-0118-0002_anon.png,Test
436,230_IM-0326-0004_anon.png,230_IM-0326-0004_anon.png,Test
437,588_IM-0896-12288_anon.png,588_IM-0896-12288_anon.png,Test
438,331_IM-0053-0007_anon.png,331_IM-0053-0007_anon.png,Test
439,579_IM-0393-0001_anon.png,579_IM-0393-0001_anon.png,Test
440,217_IM-0839-0001_anon.png,217_IM-0839-0001_anon.png,Test
441,72_IM-0130-0014_anon.png,72_IM-0130-0014_anon.png,Test
442,367_IM-0378-0021_anon.png,367_IM-0378-0021_anon.png,Test
443,178_IM-0857-0007_anon.png,178_IM-0857-0007_anon.png,Test
444,582_IM-0601-0059_anon.png,582_IM-0601-0059_anon.png,Test
445,402_IM-0026-0001_anon.png,402_IM-0026-0001_anon.png,Test
446,130_IM-0650-0053_anon.png,130_IM-0650-0053_anon.png,Test
447,413_IM-0112-0078_anon.png,413_IM-0112-0078_anon.png,Test
448,431_IM-0702-0055_anon.png,431_IM-0702-0055_anon.png,Test
449,446_IM-0028-0001_anon.png,446_IM-0028-0001_anon.png,Test
450,229_IM-0003-0028_anon.png,229_IM-0003-0028_anon.png,Test
451,425_IM-0908-0037_anon.png,425_IM-0908-0037_anon.png,Test
452,19_IM-0239-0041_anon.png,19_IM-0239-0041_anon.png,Test
453,278_IM-0069-0016_anon.png,278_IM-0069-0016_anon.png,Test
454,286_IM-0158-0010_anon.png,286_IM-0158-0010_anon.png,Test
455,173_IM-0585-0001_anon.png,173_IM-0585-0001_anon.png,Test
456,283_IM-0045-10496_anon.png,283_IM-0045-10496_anon.png,Test
457,535_IM-0334-0035_anon.png,535_IM-0334-0035_anon.png,Test
458,409_IM-0787-0013_anon.png,409_IM-0787-0013_anon.png,Test
459,328_IM-0791-0062_anon.png,328_IM-0791-0062_anon.png,Test
460,75_IM-0122-0037_anon.png,75_IM-0122-0037_anon.png,Test
461,68_IM-0704-0017_anon.png,68_IM-0704-0017_anon.png,Test
462,143_IM-0391-0056_anon.png,143_IM-0391-0056_anon.png,Test
463,558_IM-0123-0005_anon.png,558_IM-0123-0005_anon.png,Test
464,211_IM-0374-0007_anon.png,211_IM-0374-0007_anon.png,Test
465,548_IM-0020-0071_anon.png,548_IM-0020-0071_anon.png,Test
466,613_IM-0484-0052_anon.png,613_IM-0484-0052_anon.png,Test
467,240_IM-0772-0072_anon.png,240_IM-0772-0072_anon.png,Test
468,488_IM-0299-0003_anon.png,488_IM-0299-0003_anon.png,Test
469,207_IM-0383-0025_anon.png,207_IM-0383-0025_anon.png,Test
470,41_IM-0439-0032_anon.png,41_IM-0439-0032_anon.png,Test
471,119_IM-0855-0017_anon.png,119_IM-0855-0017_anon.png,Test
472,130_IM-0650-0033_anon.png,130_IM-0650-0033_anon.png,Test
473,447_IM-0088-8704_anon.png,447_IM-0088-8704_anon.png,Test
474,190_IM-0185-0000_anon.png,190_IM-0185-0000_anon.png,Test
475,390_IM-0196-0027_anon.png,390_IM-0196-0027_anon.png,Test
476,282_IM-0389-0043_anon.png,282_IM-0389-0043_anon.png,Test
477,555_IM-0347-0008_anon.png,555_IM-0347-0008_anon.png,Test
478,576_IM-0216-0007_anon.png,576_IM-0216-0007_anon.png,Test
479,404_IM-0262-0009_anon.png,404_IM-0262-0009_anon.png,Test
480,407_IM-0055-0009_anon.png,407_IM-0055-0009_anon.png,Test
481,527_IM-0460-0016_anon.png,527_IM-0460-0016_anon.png,Test
482,243_IM-0579-0002_anon.png,243_IM-0579-0002_anon.png,Test
483,378_IM-0829-9472_anon.png,378_IM-0829-9472_anon.png,Test
484,133_IM-0658-0032_anon.png,133_IM-0658-0032_anon.png,Test
485,28_IM-0671-0056_anon.png,28_IM-0671-0056_anon.png,Test
486,5_IM-0040-0020_anon.png,5_IM-0040-0020_anon.png,Test
487,154_IM-0694-0004_anon.png,154_IM-0694-0004_anon.png,Test
488,368_IM-0005-0028_anon.png,368_IM-0005-0028_anon.png,Test
489,330_IM-0558-0045_anon.png,330_IM-0558-0045_anon.png,Test
490,461_IM-0399-0008_anon.png,461_IM-0399-0008_anon.png,Test
491,118_IM-0230-0053_anon.png,118_IM-0230-0053_anon.png,Test
492,510_IM-0185-0057_anon.png,510_IM-0185-0057_anon.png,Test
493,228_IM-0383-0068_anon.png,228_IM-0383-0068_anon.png,Test
494,401_IM-0046-5120_anon.png,401_IM-0046-5120_anon.png,Test
495,272_IM-0034-0008_anon.png,272_IM-0034-0008_anon.png,Test
496,541_IM-0038-10496_anon.png,541_IM-0038-10496_anon.png,Test
497,27_IM-0203-0020_anon.png,27_IM-0203-0020_anon.png,Test
498,141_IM-0120-0035_anon.png,141_IM-0120-0035_anon.png,Test
499,290_IM-0501-0014-0001_anon.png,290_IM-0501-0014-0001_anon.png,Test
500,13_IM-0293-0055_anon.png,13_IM-0293-0055_anon.png,Test
501,144_IM-0257-0061_anon.png,144_IM-0257-0061_anon.png,Test
502,268_IM-0160-0005_anon.png,268_IM-0160-0005_anon.png,Test
503,482_IM-0155-0028_anon.png,482_IM-0155-0028_anon.png,Test
504,625_IM-0223-0256_anon.png,625_IM-0223-0256_anon.png,Test
505,201_IM-0417-0035_anon.png,201_IM-0417-0035_anon.png,Test
506,169_IM-0885-0035_anon.png,169_IM-0885-0035_anon.png,Test
507,94_IM-0113-0043_anon.png,94_IM-0113-0043_anon.png,Test
508,26_IM-0003-0016_anon.png,26_IM-0003-0016_anon.png,Test
509,310_IM-0422-0047_anon.png,310_IM-0422-0047_anon.png,Test
510,443_IM-0008-0005_anon.png,443_IM-0008-0005_anon.png,Test
511,259_IM-0310-0043_anon.png,259_IM-0310-0043_anon.png,Test
512,104_IM-0112-0030_anon.png,104_IM-0112-0030_anon.png,Test
513,37_IM-0026-0017_anon.png,37_IM-0026-0017_anon.png,Test
514,584_IM-0890-0040-0001_anon.png,584_IM-0890-0040-0001_anon.png,Test
515,319_IM-0198-0028_anon.png,319_IM-0198-0028_anon.png,Test
516,537_IM-0674-0034_anon.png,537_IM-0674-0034_anon.png,Test
517,299_IM-0068-0001_anon.png,299_IM-0068-0001_anon.png,Test
518,122_IM-0144-0001_anon.png,122_IM-0144-0001_anon.png,Test
519,84_IM-0105-0016_anon.png,84_IM-0105-0016_anon.png,Test
520,333_IM-0011-0005_anon.png,333_IM-0011-0005_anon.png,Test
521,317_IM-0169-0010_anon.png,317_IM-0169-0010_anon.png,Test
522,187_IM-0070-0032_anon.png,187_IM-0070-0032_anon.png,Test
523,126_IM-0068-0002_anon.png,126_IM-0068-0002_anon.png,Test
524,128_IM-0894-1024_anon.png,128_IM-0894-1024_anon.png,Test
525,540_IM-0374-0065_anon.png,540_IM-0374-0065_anon.png,Test
526,181_IM-0126-0041_anon.png,181_IM-0126-0041_anon.png,Test
527,197_IM-0564-0002_anon.png,197_IM-0564-0002_anon.png,Test
528,234_IM-0173-19200_anon.png,234_IM-0173-19200_anon.png,Test
529,322_IM-0241-0001_anon.png,322_IM-0241-0001_anon.png,Test
530,345_IM-0724-0028_anon.png,345_IM-0724-0028_anon.png,Test
531,377_IM-0271-0001_anon.png,377_IM-0271-0001_anon.png,Test
532,121_IM-0084-0022_anon.png,121_IM-0084-0022_anon.png,Test
533,204_IM-0164-0044_anon.png,204_IM-0164-0044_anon.png,Test
